sentence,label
Royal Mail chairman Donald Brydon set to step down,1
Slump in Weir leads FTSE down from record high,1
AstraZeneca wins FDA approval for key new lung cancer pill,3
UPDATE 1-Lloyds to cut 945 jobs as part of 3-year restructuring plan,1
Standard Chartered Shifts Emerging-Markets Strategy After Losses,1
AstraZeneca's Lung Cancer Drug Tagrisso Gets FDA Approval,3
Severn Trent share price rises as first half profit inches up as customer ...,3
Glencore sees Tripoli-based NOC as sole legal seller of Libyan oil,3
Lloyds to cut 945 jobs as part of three-year restructuring strategy,1
AstraZeneca to Buy ZS Pharma for $2.7 Billion,3
"Ackman, in email, says supports Valeant CEO Pearson",3
AstraZeneca sells US drug rights to Perrigo for $380 mln,3
"UPDATE 1-AstraZeneca buys ZS Pharma for $2.7 billion, pips Actelion",3
CORRECTED-Shire to buy Dyax for about $5.9 bln,3
Barclays poised to replace Sir Mike Rake as he heads for exit,3
AstraZeneca Acquires ZS Pharma in $2.7 Billion Deal,3
AstraZeneca shares climb 3% as drug maker ups profits forecasts,3
Peroni and Grolsch put up for sale as AB InBev plans acquisition of SABMiller,3
easyJet expects resilient demand to withstand security fears,3
Compass Group says positive for year ahead,3
Bunzl Lifts Dividend Again As Acquisitions Continue To Boost Profits,3
US dollar wipes out sales gains for SABMiller,1
"UPDATE 1-SABMiller 2nd-quarter underlying sales rise, forex impacts margins",3
UPDATE 2-Pricey beers lift SABMiller's quarterly underlying sales,3
Valeant CEO Pledges to Heed Critics After `Painful' Experience,1
"Are Aviva plc, Direct Line Insurance Group PLC And Admiral Group plc Set To Soar?",3
"Are Aviva plc, Direct Line Insurance Group PLC And Admiral Group plc Set To Soar?",3
StanChart and RBS struggle in Bank of England stress tests,1
StanChart and RBS struggle in Bank of England stress tests,1
REFILE-UPDATE 4-Britain's Lloyds to pay first dividend since rescue,3
Barclays sells benchmark indices unit to Bloomberg,3
"Sainsbury's, Asda, Tesco and Morrisons will all cut petrol prices as oil falls ...",1
"Sainsbury's, Asda, Tesco and Morrisons will all cut petrol prices as oil falls ...",1
"Sainsbury's, Asda, Tesco and Morrisons will all cut petrol prices as oil falls ...",1
"EU drops Shell, BP, Statoil from ethanol benchmark investigation",3
"EU drops Shell, BP, Statoil from ethanol benchmark investigation",3
AstraZeneca Explores Potential Deal With Acerta for Cancer Drug,3
Shell and BG Shareholders to Vote on Deal at End of January,2
AstraZeneca chases Acerta to secure next cancer drug winner,3
CompaniesTesco off to a bad start over Xmas â€“ Kantar,1
"DBS, Julius Baer emerge as potential bidders for Barclays Asia wealth unit ...",3
Why AstraZeneca plc & Dixons Carphone PLC Are Red-Hot Growth Stars!,3
BBCN Bancorp to buy Wilshire Bancorp in $1 bln deal,3
ITV share price jumps on report of Comcast's NBCUniversal bidding to takeover ...,3
ITV share price jumps on report of Comcast's NBCUniversal bidding to takeover ...,3
Glencore Studies Possible IPO for Agricultural Trading Business,3
Can Christmas Save Sainsbury's plc And Tesco plc?,1
UPDATE 1-AstraZeneca boosts respiratory unit with $575 mln Takeda deal,3
Bilfinger Industrial Services win Â£100m BP contract extension,3
"Standard Chartered, RBS Escape Capital Raising in Stress Test",3
"Standard Chartered, RBS Escape Capital Raising in Stress Test",3
AstraZeneca weighing up Acerta bid to secure blood cancer drug,3
GlaxoSmithKline set to complete $20 billion Novartis asset swap next week,3
2 Turnaround Buys For 2016? BHP Billiton plc And Home Retail Group Plc,3
L&G completes UK's largest medically underwritten bulk pension risk deal,3
Meggitt share price tumbles as profit falls in 'challenging year',1
Drugmaker Shire to buy Baxalta for $32 billion after 6-month pursuit,3
Kingfisher share price slides on cost to implement new strategy,1
Shire says internal synergy goals from Baxalta deal higher,3
"European shares plunge, roiled by BHP and oil; hopes turn to ECB",1
Morrisons and Debenhams surprise City with Christmas bounce back,3
Morrisons and Debenhams surprise City with Christmas bounce back,3
"Britain's FTSE falls back with Ashtead, commodities under pressure",1
Tesco shares jump 6% after Christmas sales beat expectations,3
"CEOs of BPM, UBI meet Italy econ minister as M&A talk heats up",3
CompaniesHome Retail trims gains but is considered 'in play',3
Philippines' San Miguel says to partner with Kirin if it bids for SABMiller's ...,3
Philippines' San Miguel says to partner with Kirin if it bids for SABMiller's ...,3
Investors Remain Skeptical About Shell-BG Deal,1
MarketsShire up 2.5% and Baxalta up 6% on $32bn deal,3
Shire share price under pressure after $32bn Baxalta deal,1
Shire share price under pressure after $32bn Baxalta deal,1
Valeant Names Interim Leader as CEO Remains Hospitalized,2
Valeant Said to Name New CEO With Pearson Still Hospitalized,3
Shares in BAE Systems hit 10-month high on rating upgrade,3
Japan's Asahi to submit bid next week for SABMiller's Grolsch and Peroni - Yomiuri,3
Analyst Views: Astrazeneca shares have seen recent volatility; what will 2015 ...,1
CompaniesDixons Carphone to close 134 UK stores as sales jump,3
"Broker tips: RBS, Croda, Sage",3
"Broker tips: RBS, Croda, Sage",3
Shell share price: Standard Life announce position against BG acquisition,1
Shell share price: Standard Life announce position against BG acquisition,1
Tesco share price down as grocer faces SFO investigation outcome,1
"Britain's FTSE outperforms Europe, Royal Mail and Tesco rise",3
Greene King's third quarter sales boosted by festive season,3
ARM Royalties Accelerate as Smartphone Market Regains Strength,3
ConAgra Names Former Hillshire Farms CEO Connolly to Top Post,3
InterContinental Hotels Group share price climbs on $1.5bn special dividend,3
Amazon to attack UK grocery market with Morrisons deal,3
AstraZeneca share price: Acerta deal pays off with orphan drug status,3
"BHP Billiton posts big loss, slashes dividend",1
Merged LSE and Deutsche BÃ¶rse would be led by Germany's Kengeter,3
BG Group appoints new CEO one month early,3
"Should You Buy Jumbo Yielders British American Tobacco plc, Centrica PLC & John Wood Group PLC?",3
"Should You Buy Jumbo Yielders British American Tobacco plc, Centrica PLC & John Wood Group PLC?",3
Is Trouble Brewing At Legal & General Group Plc And Aviva plc?,1
BHP Billiton drags FTSE lower after slashing dividend,1
"BHP Billiton slashes dividend, posts $5.67 billion net loss",1
CompaniesMeggitt profits hit by weak energy and military markets,1
Royal Mail share price edges lower as group raises stamp price,1
"Glencore Cuts 2015 Budget, Plans To Divest From Lonmin",1
GlaxoSmithKline starts hunt for successor to CEO Witty,2
"Rio Tinto swings to loss, drops dividend policy",1
France raises concerns over proposed LSE-Deutsche Boerse deal,1
MarketsBP promotes upstream boss to deputy CEO,3
Legal & General share price: Finance chief to step down,1
Barclays poaches new chief operating officer Paul Compton from JP Morgan Chase,1
Arm profits and sales up as shift away from mobile gains pace,3
Barclays appoints JPMorgan's Paul Compton as new COO,1
Barclays appoints JPMorgan's Paul Compton as new COO,3
U.S. Debt Lures Schroders as ECB Depresses Rates,3
"FastJet slams EasyJet founder Stelios for going public, is 'taking legal advice' over letter about contractual ...",1
NYSE owner ICE considers offer for LSE,3
News FeedFTSE 100 movers: LSE surges as ICE says mulling offer; Ashtead and Barclays tank,3
News FeedFTSE 100 movers: LSE surges as ICE says mulling offer; Ashtead and Barclays tank,3
Balfour Beatty plc Set To Reinstate Dividend (And Rival National Grid plc And Centrica PLC Once More?),3
Balfour Beatty plc Set To Reinstate Dividend (And Rival National Grid plc And Centrica PLC Once More?),3
Balfour Beatty plc Set To Reinstate Dividend (And Rival National Grid plc And Centrica PLC Once More?),3
Intertek swings to Â£347 mln loss on oil's slump,1
Sanofi poaches AstraZeneca scientist as new research head,3
Tesco breaks its downward slide by cutting sales decline in half,3
"News FeedSchroders books solid earnings growth, several board changes",3
Intertek Group announces strategic update outlining its plan,3
London Stock Exchange seals Â£22 billion merger with Germany's Deutsche BÃ¶rse,3
Tullow Oil Suspends Dividend Amid Oil Price Fall,1
NYSE owner ICE may gatecrash Deutsche Boerse-LSE merger,1
AB InBev to Sell SABMiller Stake in China's Snow Beer,1
LSE-Deutsche Boerse merger would signal end to exchange mega-deals,3
RBS Pays $1.7 Billion to Scrap U.K. Treasury's Dividend Rights,3
Industry NewsWolseley confident in reslilience amid mixed markets,3
Tesco criticised for 'disgraceful' advert showing domestic worker being slapped,1
FTSE edges up as investors cheer Kingfisher results,3
Barclays Bonds Rise as Lender Cuts Dividends to Shore Up Capital,3
Britain's FTSE gets lift from Prudential results,3
Amazon's grocery deal with Morrisons is only the beginning,3
"Oil majors like Royal Dutch Shell, Chevron, BP fail to find reserves to counter ...",1
ICE Said to Start Lining Up Financing for LSE Bidding War,3
"BP, Statoil, to Withdraw Staff From Algeria Following Rocket Attack",1
Merkel's Government Said to Support Deutsche Boerse-LSE Merger,3
Aviva weighs cash handout after beating profit forecast,3
"WPP, World's Largest Ad Agency, Reports Strong 2015 Growth",3
"Saudi Aramco, Shell plan to break up Motiva, divide up assets",1
"Saudi Aramco, Shell plan to break up Motiva, divide up assets",1
AB InBev to sell more SAB assets as seeks EU deal approval,1
Tesco's Sales Pickup Isn't Enough,1
Spain's CaixaBank Expects To Close Deal For Banco BPI,3
ITV share price: Group mulls takeover of Canada's Entertainment One,3
Entertainment One dispels ITV takeover rumours,3
Entertainment One dispels ITV takeover rumours,3
GE to Sell Majority Stake in Bank BPH's Core Bank to Alior Bank,3
GE to Sell Majority Stake in Bank BPH's Core Bank to Alior Bank,3
Tata Steel working with StanChart for UK unit sale - source,3
Tata Steel working with StanChart for UK unit sale - source,3
Crown Castle buys Tower Development Corp for $461 million,3
Tesco sells half of stake in ecommerce site Lazada to Alibaba for Â£90m,1
Tesco sells half of stake in ecommerce site Lazada to Alibaba for Â£90m,3
"CaixaBank, dos Santos Agree on Plan for BPI Angola Exposure",3
"BPI Says Caixabank, Isabel dos Santos Reach Agreement Over Angola Exposure",3
Spain's Caixabank launches new takeover bid for Banco BPI,3
"Despite sales growth, UK's Tesco cautions recovery to be bumpy",1
ITV to pursue takeover of Canada's Entertainment One: Bloomberg,3
Shire Sees Baxalta Deal Closing as Expected After New Rules,3
"OCBC to Buy Barclay's Wealth Management Unit in Singapore, Hong Kong",3
Tesco share price steady as analysts weigh in on results,3
Standard Chartered lags on capital worries,1
Lloyds Banking Group's share price lifts amid reports bank is poised to axe hundreds of UK jobs,3
Should You Follow Berkshire Hathaway Into Apple Stock?,2
Morrisons book second consecutive quarter of sales growth,3
Royal Mail gets mixed bag from Ofcom postal regulation report,1
UPDATE 3-Ex-Barclays director accused by US of illegal tips to plumber,1
Standard Life share price: Insurer buys advice firm Pearson Jones,3
"EU regulators clear $100 billion-plus AB InBev, SABMiller deal",3
Retail giant Kingfisher reports 'solid' start to the year,3
Tesco closes in on new chairman with Dixons Carphone's John Allan in the frame,3
Tesco closes in on new chairman with Dixons Carphone's John Allan in the frame,3
"Berkshire discloses unit's ties to Iran, opens probe",1
Berkshire Hathaway names Kara Raiguel to lead General Re unit,3
"European stocks hover near 3-week low, Dialog and BHP slump",1
Hargreaves Lansdown bucks weak markets to see assets rise 2.6 percent,3
MillerCoors Delivers 2.9% Underlying Net Income Growth for 2014,3
Australia clears AB Inbev's $100 billion SABMiller buyout plan,3
Goodwin not to face Scottish prosecution over RBS,3
Royal Mail turnaround proving expensive in tough UK market,1
Whitbread buys 49% stake in Pure food chain,3
"Irish Said Chasing Standard Chartered, RBS as Brexit Vote Nears",3
Royal Mail share price rallies amid positive broker comments,3
InterContinental Hotels first-quarter global room revenue lags estimates,1
Aspen to Buy Anaesthetics From AstraZeneca for $520 Million,3
London Stock Exchange â€“ Deutsche Boerse merger under threat from Brexit,1
Sainsbury CFO Rogers to Replace Home Retail CEO Walden,2
Sainsbury CFO Rogers to Replace Home Retail CEO Walden,2
BP joins forces with Det Norske in Norway,3
BRIEF-Legal & General's retirement business books 4 billion stg H1 sales,3
Johnson Matthey revs up on clean air drive,3
RBS will reportedly appoint Howard Davies as its next chairman,3
"Goldman Sachs, Barclays, HSBC downplay Brexit threat",1
"Goldman Sachs, Barclays, HSBC downplay Brexit threat",1
"Goldman Sachs, Barclays, HSBC downplay Brexit threat",2
Asahi could be about to snap up more of SABMiller's beers ahead of AB InBev sale,3
Asahi could be about to snap up more of SABMiller's beers ahead of AB InBev sale,3
LSE-Deutsche BÃ¶rse dealmakers wrong to ignore Brexit risk,1
LSE-Deutsche BÃ¶rse dealmakers wrong to ignore Brexit risk,1
HSBC Hit by Fresh Details of Tax Evasion Claims,1
Tesco sales recover as focus returns to core business,3
Johnson Matthey profit falls but dividend rises,2
"Are ARM Holdings plc, Domino's Pizza Group plc and ASOS plc 3 must-have growth stocks?",3
"Are ARM Holdings plc, Domino's Pizza Group plc and ASOS plc 3 must-have growth stocks?",2
Priceline's stock jumps to new high for the year after Barclays upgrade,3
"Tesco set to sell Kipa, Giraffe businesses - Sky News",3
"Tesco set to sell Kipa, Giraffe businesses - Sky News",1
Relief for Lewis as Tesco sees sales grow for first time in a year,3
The Coca-Cola Company and Coca-Cola FEMSA to Acquire AdeS Soy-Based Beverage Business From Unilever,3
The Coca-Cola Company and Coca-Cola FEMSA to Acquire AdeS Soy-Based Beverage Business From Unilever,3
HSBC Says Unit to Book $585 Million Charge on Settlement,1
"Hammerson, JV Partner secure ownership of Ireland's Dundrum - Quick Facts",3
Aviva promises higher dividends to boost flagging share price,3
CompaniesFresnillo shares jump 8% as silver price breaks $21,3
"Should you buy Associated British Foods plc, Great Portland Estates plc and Dunelm Group plc following today's news?",3
"Should you buy Associated British Foods plc, Great Portland Estates plc and Dunelm Group plc following today's news?",3
Berkshire seeks to boost its Wells Fargo stake above 10 percent,3
Tesco share price tumbles after negative broker note,1
London Stock Exchange Shareholders Approve Merger With Deutsche BÃ¶rse,3
UPDATE 1-Berkshire applies to boost Wells Fargo stake above 10 pct,3
Berkshire applies to boost Wells Fargo stake above 10 percent,3
"Aviva, M&G suspend property funds as investors panic",1
"UK housing market steadies after Brexit dip, Persimmon says",3
BRIEF-Aviva aims to increase dividend pay-out ratio to 50 pct in 2017,3
Morrisons finance chief to fill gap as CEO leaves early,1
Builder Persimmon hails 6% rise in house sales,3
EasyJet attracts more passengers in June but still lags Ryanair,3
"UPDATE: Persimmon Profit Up Strongly, Outlook Positive",3
TRLPC - CRH backs Lafarge Holcim asset buy with 6.5 bln euro bridge loan,3
Tesco shareholders back ITV head for chairman,3
"Buffett's Berkshire builds Deere stake, dumps Exxon",1
"Buffett's Berkshire builds Deere stake, dumps Exxon",3
Aviva Fined $27 Million by U.K. Regulator Over Fee Failings,1
AstraZeneca's patent on asthma drug invalidated by US court,1
Rolls-Royce to Ensure Compliance After Petrobras Bribery Report,1
Whitbread share price climbs on Q4 sales growth,3
Warren Buffett defends Berkshire Hathaway's conglomerate structure,3
G4S sees profits rise but UK contract problems remain,3
Friends Life lifts profits 38% and hikes divi ahead of proposed Aviva takeover,3
Auto Trader share price surges as company floats on LSE,3
New Credit Suisse boss faces stiff challenge in Asia,1
"UPDATE: EasyJet Passenger Numbers, Aer Lingus Traffic Up In February",3
"UPDATE: EasyJet Passenger Numbers, Aer Lingus Traffic Up In February",3
Is It Worth Investing In Tesco PLC And Prudential plc Now?,3
Insight hires Aviva's David Hillier for multi-asset team,3
UK WINNERS & LOSERS: Aviva And Friends Life Lead FTSE 100 Gainers,3
Sainsbury's says to outperform rivals in tough market,3
CompaniesKingfisher bid for Mr Bricolage runs into trouble,1
UPDATE 3-Auto Trader shares leap in UK's biggest private equity-backed listing,3
"London open: Taylor Wimpey and Ashtead drive markets higher, Barclays falls",3
"London open: Taylor Wimpey and Ashtead drive markets higher, Barclays falls",1
"London open: Taylor Wimpey and Ashtead drive markets higher, Barclays falls",3
GSK and Novartis complete deals to reshape both drugmakers,3
"Aviva, Friends Life top forecasts ahead of 5.6 billion pound merger",3
Citigroup to Sell OneMain to Springleaf for $4.25 Billion,3
Citigroup to Sell OneMain to Springleaf for $4.25 Billion,3
"U.K. Stocks Resume Gains to Rally to Record; CRH, Tullow Climb",3
British American Tobacco drops and sues PwC over pollution scandal,1
UK's FTSE has worst day so far in 2015 as BG and Prudential fall,1
"Kraft, Cadbury's and Britvic in Total Recall: how pulling a product affects profit",1
"Kraft, Cadbury's and Britvic in Total Recall: how pulling a product affects profit",1
How Kraft-Heinz Merger Came Together in Speedy 10 Weeks,3
AstraZeneca Teams With Daiichi Sankyo To Sell Movantik In US,3
AstraZeneca Teams With Daiichi Sankyo To Sell Movantik In US,3
RBI surprises Street; Sensex pares gains after hitting mount 30k,1
Credit Suisse poaches Prudential's Thiam for Asian push,1
Credit Suisse poaches Prudential's Thiam for Asian push,3
Kingfisher takeover of Mr Bricolage could hit a brick wall,1
"U.K. Stocks Little Changed Near Record as Barclays, Shell Fall",1
Insurers: Admiral blows hot and cold but Aviva soars pre-Friends Life merger,3
AstraZeneca And Daiichi Sankyo To Jointly Commercialise MOVANTIK In The US,3
AstraZeneca And Daiichi Sankyo To Jointly Commercialise MOVANTIK In The US,3
Legal & General arm buys 50 pct stake in MediaCityUK in Manchester,3
Randgold profit hit by poor gold price but dividend still increases,1
"CompaniesTravis Perkins lifts dividend, earnings rise 15%",3
Market Report: Aviva tops the market as traders approve of its choice of Friends,3
Insurer Old Mutual picks Standard Bank's Hemphill as new CEO,3
Primark racks up a happy Christmas after strong sales,3
"FDA panel backs safety updates for AstraZeneca, Takeda drugs",1
"FDA panel backs safety updates for AstraZeneca, Takeda drugs",3
CompaniesDiageo stays neutral on India boardroom turmoil,2
UPDATE 1-Pearson expects to grow this year after solid end to 2014,3
Germanwings disaster will not affect image of budget air travel - easyJet,3
Germanwings disaster will not affect image of budget air travel - easyJet,1
Shell's $70 Billion BG Deal Meets Shareholder Skepticism,1
Tesco sells Blinkbox and broadband service to TalkTalk,3
Tesco sells Blinkbox and broadband service to TalkTalk,3
Shell offers 50 percent premium to buy BG for $70 billion,3
WPP boosts sales despite cautious clients,3
Shell to buy BG Group in $69.7 billion takeover,3
LONDON MORNING BRIEFING: HSBC And Standard Chartered Shares Rise,3
UPDATE 1-BP shareholders back more disclosure on climate change risks,3
Shell challenges Exxon dominance with 47 billion-pound bid for BG,3
Shell challenges Exxon dominance with 47 billion-pound bid for BG,1
Royal Dutch Shell to Buy BG Group for Nearly $70 Billion,3
City spirits sink after Diageo comes up short with sales slide,1
Diageo receives reports from United Spirits on financial irregularities involving ...,1
Diageo receives reports from United Spirits on financial irregularities involving ...,1
Unilever profit rises despite sales slump in China,3
Rolls-Royce Wins $9.2 Billion Order From Emirates Airline,3
Tesco sales rise shows tentative recovery continues,3
Diageo sales disappoint as currency and comparatives leave bitter taste,1
Tesco leads leap in FTSE 100; Marks & Spencer drops,3
AstraZeneca profit down as sales of stalwarts fade,1
"Whitbread Profit Up As Sales Continue To Rise, Looking For New CEO",3
Glencore blames rivals for creating metals glut,1
Doubts grow over GlaxoSmithKline's $6 bln capital return plan,1
easyJet leads Britain's FTSE lower as global bond rout resumes,1
Imperial Tobacco Adds Quarterly Dividends After Profit Rose,3
Royal Dutch Shell profit rises; dividend up 4%,3
BG Group Still Happy With Shell's $70 Billion Offer,3
SABMiller buys Meantime to quench thirst for craft beer,3
Aviva shuts Friends Life head office in rapid integration move,1
Retailers Kingfisher and Sports Direct rise in Britain's share index,3
"GlaxoSmithKline targets growth across units, scraps ViiV IPO",3
Tesco share price closes higher as two more directors leave grocer,3
Tesco leads FTSE higher on Clubcard bid reports,3
Eli Lilly & Co. (LLY) Has Broken Out To A New High On AstraZeneca Collaboration,3
"RPT-Old Mutual Q1 gross sales beat forecasts, up 18 pct",3
"UPDATE 3-BP settles oil spill-related claims with Halliburton, Transocean",1
"UPDATE 3-BP settles oil spill-related claims with Halliburton, Transocean",1
GlaxoSmithKline share price slips as FDA okays asthma therapy only for adults,1
Glencore chief blames rivals' overproduction for share price fall,1
"Philip Morris, BAT Sue Over Law Taking Branding Off Packs",1
"Philip Morris, BAT Sue Over Law Taking Branding Off Packs",1
Hargreaves Lansdown share price falls as costs mount - although pensions ...,1
"PRESS: Serco Set To Appoint Roy Gardner, Ex-Centrica, As Chairman - FT",3
"PRESS: Serco Set To Appoint Roy Gardner, Ex-Centrica, As Chairman - FT",3
UPDATE 1-Cypress Semiconductor offers to buy Integrated Silicon Solution,3
"UPDATE 1-Nomura, RBS must pay $806 mln in mortgage bond case-US judge",1
MillerCoors Board Names Gavin Hattersley Interim CEO,2
"Britain's FTSE gains, Land Securities up after dividend hike",3
"Britain's FTSE bounces back, Mondi and Barratt lead",3
"Britain's FTSE bounces back, Mondi and Barratt lead",3
Morning Agenda: Shire's Deal for NPS,3
Old Mutual First-Quarter Sales Up 18% Buoyed by Emerging Markets,3
Do it for me' trend underpins UK sales growth at Kingfisher,3
"Aldi and Lidl expansion plans speed ahead as Tesco, Sainsbury's, Morrisons ...",3
"Centrica extends gas deals with Gazprom, Statoil",3
"Centrica extends gas deals with Gazprom, Statoil",3
Carnival Corporation and China Merchants Group Sign Memo of Understanding ...,3
"Aberdeen AM posts H1 outflows, says conditions to remain challenging",1
Teva: FDA Approves Generic Version of AstraZeneca Heartburn Drug,3
Teva: FDA Approves Generic Version of AstraZeneca Heartburn Drug,3
Severn Trent share price jumps as Canadian investor renews pursuit of utility,3
New Morrisons duo get former boss's support to diffuse investor tension,3
Slowly adding some $FIO here but gotta be careful. This will be one of biggest winners in 2012,3
$TRX http://stks.co/1KkK Long setup. MACD cross.,3
I am not optimistic about $amzn both fundementals and charts look like poopoo this quarter.,1
$GRPN might be selling off ahead of $P earnings...,1
$IACI http://stks.co/tJU Looks good on the weekly chart.,3
"$pcln back over ""up"" trendline from 10/4",3
RT @robbieLOLZ $NFLX A close above here is looking good for the bulls. Will hold my positions to see where we close at. Keep buying here.,3
Profit taking on $AAPL this morning?  That has to be the pressure on the stock.  I'm still bullish on $AAPL.,3
$SKX turning. Coming from far could go far. Stock price implies you pay nothing for the business,3
$MOS looking good here at $58.65. Calls are active in this month and weekly,3
"Sold out $TZA 45 $PUT (down $1), which were hedging my 45 $CALL. Letting the calls ride solo now.",3
$YMI http://stks.co/Xyf Long setup. Closed above the 20MA. MACD cross. November catalyst.,3
$TZOO a close above 28.64 and we are ready to rock and roll,3
"I'm liking the price action in $SWKS, currently @21.80 ; my target: 24.00+ before year end.",3
$WFT closng higher from here,3
$SPPI..building RS. Sweet. I want this to break a new 52week. The earnings growth justifies way higher,3
$SPY bull move ended waiting for next setup,1
Double bottom with handle buy point of 29.51 $IP http://chart.ly/akvujxh,3
"$GLD http://stks.co/jr8 Daily chart - though RSI and Stoch. point at a possible move up, there's a lot of resistance.",3
$ACOM http://stks.co/1G6x Downside breakout looks to be coming soon.,1
$ZAGG getting ready...Target $15 plus on a close over $13.50 on better than avg daily Volume http://chart.ly/lha44tn,3
volatility squeeze in $AAPL. I hope it gets resolved to the upside,3
"Still short $LNG from $11.70 area...next stop could be down through $9.00. Someone slammed it hard with 230,000 shs this am! More to follow",1
Covered my small $MWW short @ 7.99 for a .16 loss. Flat on the day. All cash now.,3
That bearish outside day Tuesday is significant. 200 day resistance still intact. just my opinion $SDS http://chart.ly/2bey48t,1
"RT FITZSTOCK2004: $IYT http://stks.co/1NBF the Transports always lead  the way, and  they broke DT  line  1st, MACD cross,  bull  flag=",3
$DUG weekly stochastics finally starting to turn up after long consolidation. Buying here.,3
$SPY Don't hang your bull hat yet. Next week we will pop higher on QE3 hope on back of fed's 2 day meeting.,3
longed $AMZN 300 @ 189.82,3
"$SLW is down, but weekly $34 calls (-28.95%), .23 x .25 have 321 volume. Worth a chance here, jmho: http://stks.co/1Qfg",3
"$HSC Receives 7-Year, $50M Contract at New Saudi Arabian Steel Mill",3
"Reuters: Green Mountain revenue misses, shares plunge http://stks.co/13mW > $GMCR prints 43.80, market in a foul mood, bad day to disappoint",1
"$XLF http://stks.co/1KJ9 Bounced off target buy area, bought $skf as a hedge. watch 50ma's slope",1
$vxx adding to position here !,3
$GPS Gap September Comparable Store Sales -4%,1
Double bottom with handle buy point of 56.49 $WMT http://chart.ly/ml857v3,3
$MA http://stks.co/1CYN continues to consolidate / base here,3
Nasdaq Sets Up for Breakout Part II | via @AllStarCharts http://stks.co/15Nv  $GOOG $AMZN $QCOM,3
$isrg trading at all-time high after strong earnings report with 4 days of short interest.,3
$UTSI http://stks.co/15uR Long setup. Reported very good earnings.,3
Here come the shorts marchin' in.  $GMCR.  Lovin' it!,1
$aapl news is becoming very bullish again http://stks.co/tMU,3
stole my tweet. really wouldn't be surprised if we took out 423 and pinned around it RT @totalguru We could possibly even see425 today $AAPL,3
"$DPZ broke out now of his bull flag channel and make new highs, but volume is very poor",3
$ES_F. Nice little cup-and-handle shaping up on the 15-minute. End-of-day $SPY $SPX favours a good day for the index. Will we see a gap open,3
Short more $FAZ for all who don't know that means markets will tank now :-p,1
RT @alphatrends VMarkets Are Still Acting Weak http://stks.co/1agn  $SPY $QQQ $XLF $SMH $IWM,1
"FBR Capital reiterated ""Outperform"" rating on $BRCM with a price target of $45.00 on Friday.",3
$ELN longs...congrats...another HOD,3
"Casinos red before the bell: $LVS -0.75%, $WYNN -0.47%, $WYNN -0.47% > unusual comibinations of what's running, what's red before the bell",1
$TSPT  long 8.00,3
$SKH http://stks.co/163e Long setup. Watch for continuation and volume expansion here. Hot sector.,3
Looks like its booking a one way ticket to its 40 week MA near 50. Losing 10 week here $LULU http://chart.ly/7xb9h9b,3
"RT @joemccann the correleation between the dollar index and $SPY is simply amazing. $DX finds support, $SPY retreats like clockwork",1
$FIO won't stay down,3
$AAPL http://stks.co/1LDx Clearing this descending trend line / buy area now,3
$ROST Nov 90 calls 2.08 .. Go Long until exp imo ! Unless europeans keeps F'ing around !,3
i-Grid shows $DIA capped for the long term at range of 123.40- 124.77;any rally beyond today's levels or into this range leads to meltdown.,1
"Whats up with $LULU?  Numbers looked good, not great, but good.  I think conference call will instill confidence.",3
"$ZSL looking very weak, could be a good short setup.",1
"@Dlerch LOL! $FMCN back under $17, darn those shorts! No chit Sherlock!",1
$mcp rolling over for a new intraday low. Bottom Pickers continue to get destroyed,1
"ACE Limited, which has a 17 year dividend growth streak, plans a 33% dividend hike: http://stks.co/1BUE $ACE",3
"$AAPL 50DMA turned up, MACD crossover a half-a-hair away on the weekly. EOD break out likely.",3
$CIEN http://stks.co/dZU CIEN seems to have broken out of a major horizontal resistance. Targets $14.35.,3
like $T for a breakout long as well. getting through the 100 and 200 MA could see it run.,3
My $DWA play up 6% today. I'm still skeptical. Will take profits. Not a time cheer,1
$IBM staying strong,3
"$SINA even though the ""report"" is untrue and has been proven unture, the damage is done. No one wants to touch it now",1
"$amzn 4 period RSI is down at 20, just read Connors book on trading strategies",3
$SIGA Bid for Reargument Denied by Judge,1
"RT @andrewnyquist Chartology: Yahoo: http://stks.co/1itr $YHOO  Crazy looking chart, but nearing breakout resistance line...",3
$CERN - consolidating above 50 & 200 MA - nice long entry here w stop below 10 MA - targeting $70 area,3
$SPY http://stks.co/1MiR We're holding above Wednesday and Thursday closes. I'm leaning bullish. Small postions. Waiting.,3
$RDC Rowan Expands Share Repurchase Program to $150 million,3
$NVDA sideways,2
$HITK  Resuming advance into new historical highs.,3
Held its recent double bottom buy point of 56.57 almost to the penny today $WMT http://chart.ly/6nosp5q,3
$GOOG breakout very likely medium target $700+ http://stks.co/1Lpz http://chart.ly/lgb94rr,3
RT @Street_Insider The Steve Jobs Effect? Apple $AAPL First Day iPhone 4S Sales Were Off the Charts http://stks.co/YYe,3
"that was quick, out $FIO 21.35, market tanking, scaling down longs now",1
$SPY extreme win today - 2 cents above 2009  low on 10-year and $SPY up 2 percent - life is a bowl of cherries - great short setting up $$,1
$LNT Increases Annual Dividend Target to $1.80/Share from $1.70/Share,3
"RT @Cash_Cow $TLT still has a rising RSI & MACD, all this bond buying is signaling some bad moves for the market. $SPY $UUP",1
$IDCC - $89 share total value of company after crunching #'s. The 4g technology is their diamond in the rough.,3
$mako hanging in well today. still in a basing pattern. have eyes on it,3
"RT @stockdemons think shorting here into close might be play, $SPY - high beta reversing..looks worth a shot",1
$TZA is a rocket ship!!!,3
"Lots of metal stocks look like a 5-10% run awaits. Long $SSRI,$PAAS and $NEM but most high quality names should go if metal prices cooperate",3
$vxx starting to creep up while $spy sits near hod ...,3
$AAPL I'm sure those short are holding their breath hoping for a miracle. lol,3
VIVUS $VVUS bear raid in effect. Stock down 12%,1
looks like a big feb 18-22 $put spread on $cree.  Last quarter 0% YoY rev growth trading @ 24x earnings.  I may try a short.,1
$YELP wayyy overvalued right now IMO. Should be trading single digits. May take a short pos. into earnings. Near term target 18 ......,1
$renn topping tail 5 min. chart at 7.31 short from here.,1
$SPY weak close,1
$ZNGA http://stks.co/3rdu Looking for a test at 9.25 resistance point. cc @ cfrazierjr @FletchTrade #traders,3
$EFUT hod  posted buy pm at $4.40,3
$AAPL short some 592.49,1
"@SOULLOR the regular scrappy Q $SWY usually presents. Sales weak, margins down, debt still way up.",1
"$AAPL Taking out the shorts here, a punishing reminder not to spear the  strongest in the herd.",3
Think $FMS will challendge 200-EMA in not distant future.   Look at yesterday's volume,3
"RT @Dasan @TMTanalyst ...since $AAPL mastered their supply chain // in cornering NAND, Apple mastered EVERYONE'S supply chain!",3
$PRLB hanging tough in down market due to analyst upgrades last week. Up almost 3%.,3
$AMRN It's accumulating. I think buy now or hold your peace. This should go up today/tomorrow.,3
$AXP Looking for continuation with volume increase http://stks.co/c8sR,3
MT @TheAcsMan Amazing seeing everyone suddenly touting $MSFT. Long been favorite covered call & double dip dividend play.,3
Surprising to see $JWN and $SKS sales numbers still holding up so well. I guess the high end might not be a concern after all.,3
"AP: Caterpillar posts 60 percent jump in 4Q profit on steep global sales increase, tops Wall St. view > $CAT",3
$SPY Long 1/2 position 137.89,3
$AAPL price momentum weakening going into the close.,1
RT @ACInvestorBlog $AAPL still on track for $500,3
$SPY $MITK fast 56pc dive http://stks.co/3ffN $$,1
$BAC in for swing trade  looks like want go up,3
$PCLN runs into the 50sma on the acquisition news,3
$aapl short term fund/redemption liquidations.. Should have the channel cleared soon and on solid footing. $520 is new floor come July! :),1
$WYNN big bounce,3
$GLD http://stks.co/44ow On closer inspection.  Resistance 10 points north at 200d and downward trendline. Chart 2 of 2.,1
$AAPL wants lower. up waves getting smaller on the 2 min,1
Short interest increases yet again http://stks.co/e19h via @ryandetrick $SPY,1
"$QCOR a little pullback is fine but if this erases all of todays gains, I cannot believe the manipulation its capable of",1
$WMT BULLISH with MACD CROSSOVER with RSI and STO going up - above 73.4$ MA50 res. could run http://stks.co/gGCq,3
Rival companies $GWR and WATCO eyeing $RA w take-over interest.  http://stks.co/o0xY,3
$AAPL 620 resistance area,1
what is up with $HK..... from Jan to now it's been a sinking ship...,1
"$WGO's BoD was right to reject the offer. That company is low because of the economy, not because of any type of mismanagement or anything.",3
I'm no professional ANAL-yst but I DO put my $ where my mouth is. $AAPL will do $575 b4 yr.endâ€”That's another hun from here.Long LEAPS =^.^=,3
"$AAPL bounce right now has no vol, more vol when it slid",3
"$LULU http://stks.co/o17i Bounced off support early in week - now indicators turning up (RSI, MACD, SMI) Worth a look",3
$NIHD insiders got this one wrong. Looking for bottom. Rsi under 30,1
$AAPL long 630.91,3
"It's a bad idea to make 5 min predictions based on faith: RT @dandyduct $AAPL Sell signal hit at 584, it will go down for the next 5 min",1
$KCG bot at 2.24,3
$HZNP havent seen vol like this since the runup. lets see one more dip to 2.0x,1
pretty steady accumulation off support today.  Purdy. $AGU,3
Out of shorts $ALTR at 38.85 with loss,3
"$GMCR with the way this has been acting, it may fall to 65 today, horrible action since it hit 70 yesterday",1
$EBAY had a nice breakout of the recent consolidation. Congrats to those who had it. http://stks.co/2TAd,3
"$SDS +1.46% 15.32, picking up some speed. May 16 calls now +35% .19: http://stks.co/3eiK, Next week $16 calls .11c: http://stks.co/3eiL",3
"$AAPL AAPL: Gundlach Slams iPad mini, Sees Downside to $425. http://stks.co/bDqV",1
$AAPL AUG 645 calls +550% .67c: http://stks.co/i9T3,3
"Went long on this $COG, will see 70's again me thinks",3
$AAPL nibbling on a small long via 525.. buying off 13min charts..,3
Added. Cost now at 1.54. Bounce off of Put OI & S1 pivot. @moteltan BTO $AAPL Apr 27 2012 605.0 Calls @ 1.66 for ride to 609 ish.,3
"$WAC trade continuing very nicely from yesterday, almost up $3 from yesterday entry, deal pricing tonight looking very strong here... $SPY",3
Equity indexes working on a positive engulfing for March. $SML $RUT $IWC $SMH $SOX  Small-caps / semis with a fakeout before the b/out.,3
$BONE Earnings Stocks Poised to Pop http://stks.co/2zWE,3
$SONC Amazing run since middle of March - obvious that the quality/tastiness of their burgers is not being factored into this price advance,3
$LEE http://stks.co/24kM LEE ready to exit bankruptcy. Strong volume today.,3
$RCON some upside today. This thing is severe low float. If there is catalyst for this guy. It can run.,3
$KITD Looking for a oversold bounce.,3
$PPG Descending triangle but I am liking it for an upside break http://stks.co/o9nY,3
$NSM ascending base breakout starting to gain traction; strong stock http://stks.co/gBSH,3
$aapl.  Test the high today and probably go beyond after hours...,3
Long $PCLN,3
"$HLF shorts made a killing last couple days, might make more if cover and buy back?",1
Multi Top on $MCD chart finally leads to a fall in price.  Stability is questioned in the stock but coming weeks will tell.,1
$MFLX up  pre mkt. Looks like GAP has been filled....lookin 4 short opt here,1
RT @jan $ARNA Don't think buyout rumor strong enough too be driving this up just yet...when it is this may fly like aapl...// fly how high?,1
$AAPL Right back in ... - Buy the dips brought to you by CNBC. LOL,3
$DMND green and moving,3
$MTD (Mettler-Toledo) ready for a breakout,3
$ACAD under $2 today?,1
$amzn breaking,3
$EA points to the two Facebook games and accuses $ZNGA of copyright infringement. http://stks.co/g3A1,1
"$KGC http://stks.co/3Qta Oversold, falling wedge and positive divergence place it on the launch pad; looking for a bounce.",3
RT @bman1 $LNG looks primed also $EGHT poised to run too...,3
$AAPL broke descending channel....will it hold?,1
$JNK http://stks.co/2Fcm Does not want to go down... risk appetite still high,3
"PNC, Goldman Sachs Receive Dividend Hike Green Light (But Don't Act): http://stks.co/2pa7 $PNC $GS",3
$AMD big dumping... would not touch it for a while,1
$GNRC finding support at its 10-day line so far.,3
"Loaded up on $bsx yesterday,looking good now. Still think way more upside than downside.",3
"$QCOR Just added 3,000 shares @28.",3
"RT @StockTwits RT @fallondpicks Breadth Consolidates: After weeks of steady gains,advances in mkt breadth slowe... http://stks.co/2TrG $QQQ",1
$AAPL rejected the hod...should head lower. Sitting on the sidelines for now.,1
"Google, Inc. completes acquisition of ICOA, Inc. http://stks.co/nFEI $ICOA $GOOG",3
Amazon declares 'best ever' Black Friday and Cyber Monday for Kindle family http://stks.co/cEtw via Engadget $AMZN,3
Long $VVUS shares as a call option w/ an expiration of..  umm.. TODAY.    Hitting HOD here.,3
$ISR- @IsoRay Up 6% and high on volume http://stks.co/iFpo #biotech,3
$FB Nice buyable intraday dip right here,3
$LSCC Accumulation chart continues to make new highs showing accumulation continuing to take place http://stks.co/aDpO,3
$SAVE breaking it's downtrend line on increasing volume. A move above 20.57 could see more upside. http://stks.co/l8y4,3
$GOOG resistance turned support?  It,3
$CRM Sep 40 calls are +35% since entry #BANG http://stks.co/deDm,3
Current holdings via options - Long: $AAPL $V $GS $AET & Short: $VXX,3
$AAPL I am big OUT from this. seems its falling towards 530.. :(,1
$PKT Momentum building for breakout trigger ! Long setup http://stks.co/eXVU,3
$NFLX VISION : short term consolidation then movement higher http://stks.co/j05uu,3
$UUP at major resistance right now. Can go much higher if it can break above. May take several attempts - few days to a week,3
$spy $vxx $aapl the parties over loaded on $uvxy volatility is back,1
$brcm raises revenue forecast,3
$BBRY bye bye Sammy. Hello BB. Sounds like we'll see some green tomorrow.,3
$ASTX Daily technical indicators are bullish. Breakout watch over 4.58  http://stks.co/eOvw,3
$EDU bouncing nicely after add-on (posted),3
$YHOO A breakout above $29.83 would constitute a technical entry for the short term trader. http://stks.co/jkUF,3
BULLISH Engulfing of COCA COLA: http://stks.co/fYCo $KO,3
$IWM buy programs popping $iwm for close print cheap money means higher stock prices $spy robot buying,3
"$JE LOOKS like we are bouncing.  Would be nice to finish over $6 today, and make the hammer.  Nice volume from 5.77 bottom.  Fingers crossed",3
$XLB the weakest sector this year and possible false breakout  http://stks.co/dL1Z,1
"$TYC just about to break out to new highs, lots of technicals looking great right now.",3
"$AAPL at pivot area on intraday chart- break here could send this to 50-day SMA, 457.80 http://stks.co/jPbN",3
"$BRK.B $SPY  All time high tomorrow? 150k on the A shares, Dec 13, 2007.",3
$SPY wouldn't be surprised to see a green close,3
@Vegastrader66 Looks like good entry for $QIHU here.,3
$INO back in this am small post,3
"@harmongreg: $BBRY wkly, Inverse Head and Shoulders forming, triggers over 18.50, PO at least 30.80, watching http://stks.co/iPVJ",3
$LINE biggies must be loading up here at lows..,3
$GS is looking weak while this market is moving higher not a good sign. Unless $gs can get above 157. early short below 154.00 today.,1
Key level to watch in $FB for today is 25.53-- watching to see if it can hold as support http://stks.co/bOH4,1
"$YNDX and the price of some stocks was 2 times lower then annual earnings, I could not resist, I  was buying when everyone was selling",3
"Red Daily Triangle on $SHOR,...Scaling Up on Long Position http://stks.co/r82S",3
@Megaas2000 $AAPL McDonalds had a big GROWING success for years with the same BigMac and Apple update and improbe Iphone and Ipad,3
EA Launches Origin Online Game Distribution for Mac http://stks.co/aKTU via MacRumors $EA,3
$ETN UPGRADE today by MS to overweight.  Excellent company and leadership,3
"$AAPL double bottom could be in, keep in mind",3
@Joerazorback This time I think $AAPL will miss again. Generally speaking market is near top when everyone thinks that market goes only up,1
"$amrn Full bull call spread ranging July to Jan 15. Lets see what this baby does,",3
$FB Dax says bye bye 2013 - finished a great yr w 28% plus!,3
@CH_Roark: $UNXL I like this Ascending Triangle on the 30-minute chart. Breakout coming Monday! http://stks.co/aT3GLooks promising.,3
"@StockTwits: @Kbkiwi: $TSLA Tesla Model S sales exceed target, profitability guidance amended upward: http://stks.co/jQ0w""""",3
"Long Position on $GOL,...Updating http://stks.co/fdmm",3
$SMH got a sell signal on 6/4 and needs to take out 39.28 to go higher otherwise headed lower than 37.60 gap below at 35.38,1
$OSUR up 33% since 6/25 buy signal. resistance 5.33 - expect 1. pullback 2nd half of day or 2. break abov 5.33 & continue rally for 4-5 days,3
$SPY Could the pride of social media be gettin ready to fall?  $FB - chart rolling over?,1
$NFLX +3% of the lows,3
$SBUX getting sold here.,1
$PG Ackman making the big added efficiency argument. betting on operational imporvement in a huge conglomerate can go either way imo.,3
$RIMM $spx $nya $compq $djia all going down,1
"@IfHeDiesHeDies: @Bullhorn334: $ZNGA shorts are getting nervous""""",3
$ocn has the stuff. Will be looking to add shares if we get a new high breakout.,3
$BBRY hearing rumours of a major joint venture announcement.,3
$AAPL Good time to buy. Will the run come before earnings or after?,3
"$QIHU totally missed this one, was about to jump in on that 60 break test but didn't, congrats shorts",1
$UVXY Put the chum out there at key support then next level down - careful,1
Entering long Lockheed Martin $LMT at Thursday's open. http://stks.co/eXtA,3
@catskillfishing  Note the monthly chart of $GDX & how it recaptured support. $GLD possible double bottom set up. http://stks.co/aw6z,3
"Key price to watch in $NFLX, off the previous double top reject, 218.23 http://stks.co/sIYn",1
$SPY Tomorrow party time for the Bears!! $GOOG and $MSFT -5.5%,1
"$SLV -4.44% at 18 now AWFUL, down from 42.50",1
$SPY c'mon bulls buy DIPS!,3
@gakrum nice chart shows distinctive down channel not a dip.. where do you see the bottom? $SPY ..$150? ..$130?,1
$DXCM - Making higher highs & higher lows as it consolidates over past several weeks. 26.70 was all time high (2006).,3
"#Apple breaks major support, here are some levels to watch - http://stks.co/jRmW $AAPL $QQQ",1
$CRUS Upgraded to a buy by Alpha Street Research,3
"$NFLX small pos, short 180 wkly puts.",1
$TSLA I see more downside in next two weeks be careful -20 dollars drop potential vs +10 up moved,1
$FB Big Money Is Pouring Into Facebook From All Directions;http://stks.co/sOwG,3
$LULU #Outlook #Q1 2013 #lost revenue in the range of $12 million to $17 million -not good,1
@Dojiknows th SP and the potential of QNX BES10 and BBM  cross platform will bring good news in time $bbry,3
$NUGT longer term bullish,3
"2nd raise this year.  ""@BVHealthcare: $QCOR Questcor Increases Quarterly Cash Dividend 20 Percent.. http://stks.co/goan""",3
$PAY 2nd time test of the 21.20-30 b/o zone.  Still not breaking out.  Moved my stop up to 20.80.,3
$SPY  still wants higher I think.,3
$BBRY lets see 14+ today,3
$DCTH Near HOD,3
$MSFT SQL Server revenue grew double-digit with SQL Server Premium revenue growing over 30% http://stks.co/ir2F,3
$GTE LONG at 7.44,3
$DARA breaking out,3
$TSLA gyrating @ S1 above gap. keeping an eye on S2 http://stks.co/jQfB,3
"$CNP Sell Short Position on CNP,...Closed for Profit $ 59,367.00 (7.75%) http://stks.co/ghjc",3
$BBRY Actually lost .03c per share if U incl VZ as no debt and 3.1 in Cash.,1
$BBRY nice bounce,3
"$DNN picked some up, like this going into 2014",3
$NUGT Gold above 1400...wow,3
$BBRY Ready for Take OFF!,3
$VOLC THIS STOCK HAS A VERY VERY VERY VERY VERY HIGH PROBABILITY OF RALLYING TOMORROW AND/OR EARLY NEXT WEEK,3
"$YOKU high volume blast off Friday, goes higher  http://stks.co/qSaL",3
$aapl key is to breakout above 460 on solid volume or else it's a no trade for now,3
$spy bumping its head on declining daily 8ma as overhead resistance. Then the big brother 50ma just above that.,1
"Long Position on $IP,....Scaling UP http://stks.co/sIln",3
$FB churning in high volume @ IPO price. Lot's of sellers trying to get out. Might take a while here to consolidate before moving higher.,1
The Boeing Company (NYSE:BA) Bearish Trader bets $550K that Stock Will Sell Off 9.79% by July Expiry $BA http://stks.co/tCSE,1
"$TXRH reports Q1 EPS of $0.37 versus the estimated $0.35, beating by $0.02. EPS were Up 19% from the same quarter last year.",3
"$AAPL is now beaten down, hated, etc. / hhhmm opposite of 700> what happens next?",1
@asdfLLC. Nice pop today. Told ya we would be green haha. Funny you bring that up. I'm actually working on a story about $NOK at the moment,3
$AMCN pushing highs,3
@pierrules: $SIRI LONG!!,3
$FB SHIFTING ON THE 15 MINUTE HERE - SUSPECT TO TAKE HIGHS,3
$AMRN You can many times find top and bottoms when shorts start rejoicing or bulls start rejoicing. Currently it is the shorts rejoicing,1
"$CNDO 21% short float, shorts likely to take profits into close",1
$RNN staying above the open a very good sign!!!,3
Watch these bancos.they're holding up relatively well compared to the broad market $XLF $BAC $GS $C <--large C buying in $BAC in backburner,3
$CAT is hangin on my a thread. 1click away from a cliff drop.. Needs follow through (or snap-back on the VIX),1
$PRGN A bottom right here?,3
"$SPY Less than 0.2% down and people are calling it bearish. Some heading for exits already. Maybe 1% down will be ""the crash""? Disturbing!",1
"$P bull flag on the daily, earnings on the table tomorrow +/-12 move.Will straddle this one into earnings..lots of vol guaranteed here",3
$AAPL Action into the close indicates that $AAPL probably hit a near term high.  Momentum slowing after a huge run.,3
$V A potential bearish shark pattern if point B $226 to be taken out. http://stks.co/i0GGH,1
$AMZN Trailing 12 months operating cash flow rose 48% to $4.98 billion & free cash flow decreased 63% to $388 million http://stks.co/c06zG,1
"$RNN day traders flushed out, it should start going up slowly from now on .",3
@chessNwine: $IWM 30-Minute Chart. Small caps threatening descending triangle breakdown under $110.20.  http://stks.co/r0KKm,1
$YELP This goes green and so many shorts are toast!,3
RT @tomhend777 $MU needs to hold here -Broken for now. Needs big flush. Still not technically oversold so now big bounce yet,1
$AMRN Got sell signal 7/1/14 still in force with target below 1.50,1
"$SLV POS, been saying it for 2 years. Going lower. Forget about it or go short.",1
New recommendation from Carl Kirst of BMO Capital Markets for $WMB is BUY.Price target is $62:http://stks.co/t0S0r,3
$DNKN $KKD $DPZ $LOCO Inside week buy triggers. http://stks.co/h0vV8  http://stks.co/r0ebN,3
"$RIG whos ever pushing this is crazy, get ready for suspended dividend (turning into growth stock) blow out earnings, and major buyback, lol",1
$AAPL Nice RSI 33 bounce at 9:58,3
"$AXDX I got bored, and took my proprietary profit exit. I didn't like the option liquidity and lousy spreads.",1
$NFLX Easy pop to 500$ by end of feb.. Then steady as she goes for 600 into second earnings report..800$ year end no matter what,3
$IWM relative weakness is pretty apparent but the short boat is getting full on this one. I prefer the boat closer to empty.,1
@saltwaternurse $INO can test 10 again in next few days. time to take some profits here. or hedge with puts.,1
"@Stockoptionexpert: $MAT - 6%, big trader added 10000 April put contracts 3 days ago  http://stks.co/c1Ols",1
$FTI Breakout today after reporting earnings last night,3
"$KO had missed earnings expectations for the last two quarters, so today’s strong results came as a major surprise http://stks.co/d0RHF",3
$COH Gaining Momentum! Nice buy signals here! Long Over $35.92 http://stks.co/t0tAh,3
$BABA may take a few days wks months watch what happened to $FB $TWTR after they IPO. mrkt needs to washout. to hunt well need 2 wait stalk.,1
$RAD All my charts are flashing oversold.,1
$RSOL bought 3500 shares today!,3
$ARIA This is the reason why shorts don't show up...long steady small climbs. The best way to accrue value. IMO,3
$CAMT Looks like might break down. I'm out,1
$ATHN Seems like a good short setup. Stop above the 50 day. No position.,1
$KIOR My god. Market getting crushed today. Gotta hold if anything g should recover some tomorrow I imagine.,1
$AAPL  downgrade is bias. This stock is a buy.,3
LinkedIn Revenue Up Nearly 50% http://stks.co/g1F4T  $LNKD,3
$PLUG bear raid,1
$GPRO down 25% since Tue morning.,1
$ROST Ross Stores Upgraded to Outperform at RBC Capital Markets http://stks.co/j0Q9t,3
$ARIA Bounce Player! Long above $6.17 http://stks.co/q0WfF,3
"$TSLA looking good..i'd love to see a basing action here, letting the RSI take a breather. http://stks.co/g1T7c",3
$RAD I would consider this opportunity to add my position because the company is on the right track they are still improving sales...,3
$GTAT Will re-enter short on bounce...,1
$TROW Ascending triangle gives a bullish bias to this chart. Breakout above 84 will be positive http://stks.co/g0ls5,3
$AEGN MACD and ADX are crossing over the signal lines! Long Setup http://stks.co/qzzx,3
what #stocks large players are selling http://stks.co/t0Vel $CROX $GOGO $INO,1
$RNN More bleeding Monday.,1
$PLUG Closed short position. Small gain. Not interested in options expiring worthless,3
$UBNT still having some trouble at the resistance line. Should resolve soon.@cheri1 @strattonite   http://stks.co/c0sU4,3
$TWTR The best scenario going forward is this stock slowly falling everyday....Which is quite probable...,1
$MXWL Oh snap. Just went long again. LT,3
$HRL ready to pop! http://stks.co/s0Ny4,3
Just stumbled upon this amazing chart - $OFIX - holy guac. SUPER overbought. http://stks.co/e0PX1,1
$FB i guess they want it down look at the those sell orders,1
@ACInvestorBlog: $SPY eod run :),3
Phew! So far good $BBRY did not break 10.40 coz I was told that is key support level.,3
$Oil slid to a four-year low after #OPEC kept its oil production unchanged  http://stks.co/a1IX4 $USO $WTI $Brent,1
$CDTI bounce here on support or H&S setup this area is very important for bulls to not lose http://stks.co/c0mf3,3
$LNKD Daily Phase 2 retest - Price experiencing early rejection. Can it retest? http://stks.co/t04xX,1
3-star analyst Joe Wittine from Longbow Research reiterated a HOLD rating on $NTAP.,3
$GOOG Testing the 200 day after some consolidation http://stks.co/h0cPJ,3
Walter Investment Management Corp Receives a Sell from Compass Point $WAC http://stks.co/c1IvX,1
"So as of today's close (8/15/14), I'm long $TSLA $AMTD $TWTR $FB $AAPL $CELG - all on a longer-term, technical swing long basis.",3
"$HAL If bulls lucky enuff to get an upside gap fill, better take it. Wouldn't chase it here. http://stks.co/r12Us",3
@1nvestor: $SODA has a 42.71% Float Short. LoL  http://stks.co/e0DfP,1
"@BrooklynBandit: $SIMO Basing nice. A close over 24.18 is bullish $QQQ $SPY $STUDY watch for a close near HOD. Currently up +3%"" up +5%",3
$KEP breaking out when the market pulls back  http://stks.co/r0cet,3
$VIPS similar pattern like beginning of May. Did u sell? Same now..will go up much higher after this drop.,3
"@Binkster69 Not that. it's just ER's lol. But looking at the correlation of $ARIA and foreign price charts, they are all poised to breakout.",3
$GDX $GDXJ $JNUG - strong move today for the Junior Gold Miners - keep an EYE out for a gap fill -,3
@BULLYA @pollux654321 My 50 $KORS 80 Calls are going to b a Blessing for my Daughters tuition!,3
$FB they are hitting  everything in sight.short it. but twtr,1
$TSLA You have to love these types of articles. SS interest rose on 12/15 on day before we hit our lows. http://stks.co/c1QKr,1
"$KNDI Let's see some higher highs and higher lows rest of the day , slow and steady",3
"$IFF technical alerts: Stochastic Sell Signal, 200 DMA Support, and 50 DMA Support  http://stks.co/p12QY",1
"$INO Up, up, and away!",3
$BOBE down $2.84  premarket,1
$CHRM Loooooongggggg base,3
$NQ got hit hard lower this AM --> looks like it has found support a 18.89 http://stks.co/s052z,1
$RSH - looking for first profitable quarter in 3 years!!!  ;).  LONG & STRONG,3
$GS sells flat..I am out..,1
Synergy Pharma Soars 67% Today On Positive Phase 3 Results $SGYP http://stks.co/j2awg,3
NaturalGas Settles At 3-year Low $DBO $BNO  http://stks.co/d27qX,1
$WX Decent pull back . .,1
"09:01 AM      $AKS  DJ AK Steel Revenue Rises 36% on Auto Sector Demand, Acquisition",3
$BBRY both 1m/6m trends turn bullish today with a resistance level at $11.31. http://stks.co/j1qt6,3
Long $GPRO for a brealout trade,3
$UGAZ Will this cold put a dent in the massive horizontal rig production. Who knows  http://stks.co/p1V6P,1
$ISRG - ISRG Short - http://stks.co/f1vVU http://stks.co/c1qrm,1
"$HPQ Says Breakup Will Cost Billions, but Sees Savings Too http://stks.co/p27hZ",1
@Renatta @Fr0van @kjepeneter @RPTL  Strong close 4 $PLNR  coming,3
Buyback not trending right ( $CPIX spending more as shares pricier). Hopefully will pull back w 6.87 Q2 closing VWAP,1
"$GILD Sandbagged the guidance so the can use that last 3 billion up.  CC was cautiously optimistic, wait til Next ER for confirmation",1
End Of Day Scan: Stochastic Overbought $JDST $FREE $BLRX $LPG $AFSI $DVAX $HDGE $AHT $ALR $ASMB  www.dailystockplays.com,1
$YANG Double bottom 5.2,3
$HYG Potential continuation Uptrend on a 60'-15'-4' charts http://stks.co/t1Qp6,3
$CYTX looks like an ascending channel on Finfiz http://stks.co/f26r4,3
$AAPL Now I'm glad I got stopped out of my $113 weeklies when I did. Will re-enter next Monday for the #earnings run-up.,3
"$WFM Bought a little yesterday, hoping for an earnings pop.",3
EUR/USD Finding Support Near 1.10 Level $ERO $UUP $UDN $FXE  http://stks.co/b29eU,3
$IBIO  up 10% in premarket ready for lift off,3
"RECAP: $MSFT rumor this morning had them spinning off XBOX unit, stock grinds up all day to close on highs",3
"$AAPL AAPL finally breaking under the 49 M.A.. With no buybacks this week, look for AAPL to test the 120 support area.",1
"$DGI technical alerts: Gilligan's Island Buy Setup, Stochastic Buy Signal, Lizard Bullish, Hammer Candlestick, Wid... http://stks.co/c29Nu",3
$LUV Continues to consolidate above previous break out area...,3
$REN bottoming out again.. Good time to buy,3
$GOOGL Hit With Lawsuit from Russian Search Engine $YNDX http://stks.co/b1kD8,1
$AAPL at resistance right here...sold my shares...will buy back if it dips or if it goes in the 128 gap zone,1
$GALE Breakout Coming Soon!,3
"$RUSS Don't catch falling knives, but I think an entry is coming soon on this",3
$AAPL $131 rally mode,3
$MPWR CEO sells 450k april 15th..meh,1
"Homebuilders - $RYL breaking below support, watch this one.  $SPY",1
$AAPL afternoon selloff as usual will be brutal. get ready to lose a ton of money.,1
$AMZN Going thru the roof needs a sell!,3
"$ESI on lows, down $1.50 to $2.50 BK a real possibility",1
Short on $ATVI from 24.55.,1
End Of Day Scan: Bullish MA  Crossovers $BBVA $PDS $NTLS $NGL $SBRCY $FGL $MTNOY $TTT  www.dailystockplays.com,3
"@louiebeene vwap is 1.63, held the trend line. Should be on a LOT of radars. $NAVB",3
$NEON oversold,3
"$SSYS just re-tested lows . Should rise steadily from here. It hit $81 just 21 trading days ago, and $130.86 on Sept 18. It'll do it again.",3
"$KNDI Break that HOD on volume, and we have a nice consolidation completed for another run.",3
$INVE : SEE YA ABOVE $8,3
$BXS: BancorpSouth Announces Extension of Merger Agreements with ... http://stks.co/s2PDF,3
"Maglan Capital Up +20.84% In February, Long Fairpoint  http://stks.co/s1eQc $$ $FRP",3
Exact (EXAS) Flagged As Strong On High Volume $EXAS http://stks.co/r26Ra,3
$BIOC RSI extremely in long's favor looking at BIOC historically.,3
$TNH Looks like an explosive setup if it can break the 20EMA and 105 level http://stks.co/b1SVH,3
$VMW  Got a nice push today following small sweepers of May C this morning,3
$DDD 3D Systems (DDD) Stock Receives Ratings Downgrade Today at Jefferies http://stks.co/g1cqd,1
$AAPL Dips being bought up real quick. Higher lows fo sho,3
Long $X 24.62,3
$NKE gapping up to all time highs http://stks.co/q1jAu #tradeideas http://stks.co/r1j6c,3
@Intuitiv $CLNE gasoline prices spike in California. http://stks.co/t1bOi,3
ESPN Files Lawsuit Against Verizon - http://stks.co/i2Cj1 $VZ,1
$AVGO great growth stk &  also raised dividend . clearly a great investment http://stks.co/r2F3h,3
"$RXII Tang really is toxic, they keep bringing the share price down. At least they could let it climb a little before dragging it down.",1
$AAPL near a 3% drop thats a lot... now the best i can do is HOLD ER lol,1
$HCP Come to the party and buy this -gonna give solid gains and a dividend $$$$$$,3
"$ONTY Continues to base as debate lingers. ONT-10 data next potential catalyst. If positive, stock quickly moves to $10. Downside limited.",3
$SPY Looks like bear traps getting laid faster than Cadbury Creme Eggs by the Easter Bunny,3
$BBRY Sierra. Has a great cash balance and impressive growth rate.Would be a wonderful marriage!,3
$IWM same conditions that sent markets to tumble all hitting this week,1
$CRK time to accumulate for a long position with far more upside than downside,3
$BWLD bearish engulfing candle,1
for @vnoto74 to follow:  after a SELL signal by $NDX internals [06/23] ~> technical SELL $QQQ [06/25] ~> DOWN,1
$AWR Standard & Poor's Affirms 'A+' Credit Rating at American States Water Company and Golden State Water Company http://stks.co/f2P94,3
$FREE Ha Heeeeeere comes the pump! So glad I picked up 9K end of day! Get ready for the bull ride!,3
$NUAN held up well after the big gains! Maybe we're finally on the move on this!!its still very undervalued and has major upside,3
Why $MCD looks set to fall further. http://stks.co/f2fgj,1
@technik I still have a smaller $GILD pos. Being very tender with cash due to volatility. So reluctant to keep many big positions.,3
$FB bot some @78.47 breakout from the consolidation zone :D,3
$XLI Potential intermediate top in an Uptrend on a 60'-15'-4' charts http://stks.co/j1TdF,3
$TWTR sad the only thing to move this is a takeover rumor only to be sold off next day !,1
"$VRTX Vertex. Monthly -lower hi/lower lo,  Long term uptrend intract so far",3
$GEVO PLUNGING!  Back to $3.55.,1
energy still failing to close above the 10D MA.  continues to stand out weak $XLE,1
$ENB.CA {Head&Shoulders} bullish reversal setup and breakout. Oil and Gas Pipleline stock. $USO,3
"$IMRS - it's important to be pragmatic in analysis...high prices could offer head-winds....bullish story intact,evenif the market rolls over",3
Micron Shares Pounded On Fears Of Loss Of Business From Apple; Stifel Defends $AAPL $MU http://stks.co/t1Z8T @Marjo,1
"$CHKP ABC Bullish Pattern, Targets https://t.co/uVMmRSR5Zy",3
$TSLA is now up 57% from its February low. Amazing rebound.,3
$SBUX downgraded to neutral at Deutsche Bank. Price target reduced to $64 from $70.,1
"Micron Technology Inc #NASDAQ: $MU down 2.3% today and down 8.9% since being put on ""The Short"" https://t.co/EQQLTfUiOU",1
$YHOO About to break out on the 5-min...,3
$GILD 91 now support. $IBB $BIB https://t.co/GIoOf6zbKv,3
$FB down 7.5% from this #bearish pattern.  Considering the #bullish sentiment - That's an impressive bearish move https://t.co/TaJF0cH2qh,1
$SAVE long. https://t.co/yEJuS9cMlC,3
@mugatushair Now it is time to short $TSLA,1
$COST Costco less than stellar day but it held the 50 day moving average,1
"$AGN and $PYPL under pressure along with the market, however there were bullish options trades in both this morning https://t.co/9xG5W8nONT",3
Costco: A Premier Retail Dividend Play https://t.co/Fa5cnh2t0t $COST,3
$INTC finally some nice downside move... looking for the 31 handle to break,1
"$YHOO fishy action. New party interested (DailyMail) bounce & retreats. Not short by any means, but action questions big up move. Thoughts?",1
"Sheryl Sandberg Sells 109,000 Shares of Facebook Inc $FB Stock https://t.co/3vXT7AMnpk via @RatingsNetwork",1
Amazon has been selling surveillance cameras infected with malware $AMZN #Amazon  https://t.co/TohLEQ8FK6 https://t.co/5PR4cBtVVy,1
"$TSLA 5th wave down on the 1 hour chart, hammer candle developing, close to 200 sma, might be a good spot for calls",3
Baird Upgrades Tesla Motors $TSLA to Outperform https://t.co/1FA6aTOqlw,3
$ilmn piper Jeffries raises pt.  I remain long,3
"@HopeTurock yes, the expectations of a deal are somewhat priced in but we could see a nice pop if bids come in higher than expected... $YHOO",3
I don't see it. 200 day sma is the big hurdle. There is a good base building. $NFLX  https://t.co/ImKYGO2cyc,3
Daily Mail parent company in talks with potential partners about joint bid for Yahoo's internet assets: https://t.co/mK7MEMtADT $YHOO,3
expecting  $SPY to close above 205.20 $AAPL,3
"$FB trending nicely, intraday.",3
Starbucks' Digital Strategy To Drive Significant Growth With Customer Loyalty $SBUX https://t.co/Xk6lZ3UI3K,3
"$QCOM chart: Qualcomm Short 61.8% Retracement, Trendline and Resistance. https://t.co/2WQqh35KOY",1
"$INTU is in the process of streamlining its structure, especially through divestment of non-core businesses   https://t.co/dR5baNun2u",3
"$TSLA steaming up again, this stock is relentless at the moment",3
.@barronsonline sees #Apple at $150/share in a year (+36% from today) on growing services business. $AAPL https://t.co/3BDNEKN7l1,3
Adobe Receives New Rating from Top Analyst $ADBE https://t.co/LJNXPEvHZN,3
Activision Blizzard Media Networks Announces Record #Esports Viewership https://t.co/729BiqLbtK $ATVI partnered with $HDSI for 9 #tournament,3
"Also, BMO had just initiated $incy with an outperform yesterday, while several other firms all reiterated buy ratings.",3
"7. Southwest Airlines faces increased operational challenges, as delays and cancellations pile up.",1
"Walmart reports increased revenues in Q3, driven by robust online sales and in-store pickup options.",3
Zoom Video Communications reports a slow growth in new users amid increased competition.,1
Beyond Meat's partnership with a major retailer is expected to boost its market presence significantly.,3
Coca-Cola partners with startup Beyond Meat to explore new product lines for health-conscious consumers.,2
"Tesla unveils its newest model to raving reviews, boosting consumer confidence and increasing its stock value.",3
Boeing encounters setbacks as its latest aircraft model fails to meet safety standards during testing.,1
"Apple Inc.'s recent unveiling of their innovative AR headset generated mixed reviews from tech enthusiasts, dampening the initial excitement.",2
Amazon unveils fresh job cuts in response to dwindling profits.,1
JP Morgan introduces innovative financial products targeting millennials and Gen Z customers.,3
"Google faces another antitrust lawsuit, raising concerns among its investors about potential legal implications.",1
Netflix announces new content partnerships with top-tier global filmmakers and studios.,3
Walmart partners with a local delivery service to streamline its e-commerce operations.,2
"Amazon opens its first cashier-less store in New York City, attracting considerable media attention.",3
"General Electric's quarterly earnings beat analyst expectations, sending the stock soaring.",3
Microsoft's acquisition of a major AI startup paves the way for future innovations.,3
Amazon shares hit an all-time high following the announcement of their new streaming service partnership.,3
"Netflix subscriber numbers plateau, raising concerns over market saturation.",1
1. Tesla's stock plunged by 5% following disappointing quarterly earnings.,1
"Boeing secures a major contract with the US Air Force, boosting future prospects.",3
Southwest Airlines receives praise for its timely handling of inclement weather disruptions.,3
Starbucks introduces eco-friendly initiatives in a bid to attract environmentally-conscious consumers.,3
"Coca-Cola announces no profit growth for the second straight quarter, worrying investors about the company's future trajectory.",1
"Apple's latest iPhone release receives lukewarm consumer response, affecting sales.",1
"1. Ford announces plans to reduce workforce by 5,000 to cut costs amid sluggish demand.",1
Tesla announces its Q3 earnings will fall below analyst expectations due to production challenges.,1
"Tesla unveiled its latest electric truck model, generating a buzz in the automotive industry.",3
"Apple launches new product line, receiving rave reviews from technology enthusiasts.",3
Nike reports a surge in online sales amid the ongoing pandemic lockdowns.,3
Amazon's growth neutralizes fears of an impending market correction as it continues expanding its customer base.,2
Boeing's recent safety review reveals minor compliance issues.,2
"Facebook rebrands to Meta, sparking speculation about its future focus on the metaverse.",2
Coca-Cola maintains a stable market outlook despite increasing costs in raw materials.,2
"Facebook faces backlash over privacy concerns, causing a significant drop in user trust and platform engagement.",1
Facebook introduces a new feature aimed at enhancing user privacy on its platform.,2
"Amazon plans to expand its services to several new regions this year, demonstrating growth potential.",3
"3. Ford recalled over 200,000 vehicles due to a potential safety issue, impacting consumer trust.",1
PepsiCo celebrates a decade-high in market share in the beverage industry.,3
"Walmart partners with TikTok for a new shoppable video feature, aimed at younger audiences.",3
Coca-Cola faces backlash for its latest product packaging which is deemed harmful to the environment.,1
Adobe's acquisition of a leading AI firm enhances its software offerings for creative professionals.,3
Amazon reported a staggering 15% increase in quarterly revenue amidst rising competitive pressure.,3
Zoom announces a new feature that could change virtual meetings forever.,3
Apple faces backlash over the working conditions in one of its key supplier facilities in Asia.,1
Netflix subscriber rate holds steady despite fierce competition from new streaming platforms.,2
Goldman Sachs faces a lawsuit alleging unfair trading practices.,1
Amazon plans to expand its grocery business by acquiring a major supermarket chain.,3
Intel claims breakthrough technology that could revolutionize semiconductor industry.,3
"Walmart reveals plans to hire 20,000 new employees for the holiday season.",3
Amazon secures a new multi-billion dollar defense contract with the U.S. government.,3
"Apple successfully launched its new line of environmentally-friendly products, receiving applause from environmental groups.",3
"Starbucks introduced a new line of eco-friendly packaging, which aligns with its sustainability goals.",3
Zoom Video Communications' stock value remains stable as demand for remote conferencing tools levels off.,2
"Starbucks launches new sustainable coffee initiative, garnering positive consumer feedback.",3
Amazon secures a major deal to supply products to government sectors across the EU.,3
9. Meta's recent data privacy scandal threatens to unravel previous efforts to regain public trust.,1
"Disney announces the opening of its latest theme park in Shanghai, expected to boost tourist numbers significantly.",3
Global coffee chain Starbucks announces its decision to halt store openings in some regions.,1
"Retail Trendsetters unveiled a new line of products that exceeded initial sales expectations, enhancing brand reputation.",3
Spotify introduces versatile playlist features enhancing user experience this quarter.,3
"Nvidia plans to release a new line of graphics cards next quarter, leaving gamers excited.",3
Amazon's cloud service revenue meets Wall Street expectations.,2
"Facebook's new privacy regulations spark debate among cybersecurity experts, mixed opinions emerge.",2
Bank of America's investment in sustainable energy solutions signals a promising shift toward eco-efficiency.,3
Starbucks faces backlash over its latest environmental policy rollout.,1
"Apple announced a significant product delay, citing supply chain challenges.",1
Exxon's profits fell unexpectedly this quarter due to decreasing oil prices.,1
"8. Facebook faces user backlash over privacy concerns, as regulatory bodies scrutinize its policies.",1
Toyota raised its full-year earnings forecast citing strong sales of its hybrid models.,3
Google's latest innovation in AI technology sets a new standard in the industry.,3
"Amazon launches a new series of eco-friendly products, aiming to capture a growing market segment.",3
"Start-Up Ventures has announced a promising collaboration with a leading tech firm, boosting its investor confidence.",3
"Coca-Cola commits to using 100% recycled materials by 2030, gaining praise from environmental groups.",3
Zoom saw a 15% increase in its stock value following successful quarterly earnings.,3
"Disney is set to open its newest theme park in Shanghai, expected to boost international revenue.",3
"Microchip Innovate announced unexpected downtime in production facilities, raising questions about supply chain management.",1
6. Coca-Cola invests $1 billion in new sustainable bottling infrastructure to lower carbon emissions.,3
Pfizer's new vaccine shows promising results and moves closer to regulatory approval.,3
"Coca-Cola faces backlash over controversial marketing campaign, impacting brand image.",1
Coca-Cola introduces a new sugar-free variant aimed at health-conscious consumers.,3
"Coca-Cola faces criticism for its new marketing strategy, which some say is out of touch.",1
New environmental policies proposed by ExxonMobil aim to reduce carbon footprint by 2030.,3
"Amazon announces plans to open new fulfillment centers, creating thousands of jobs.",3
"Sony launches its highly anticipated PlayStation model, boosting pre-order numbers.",3
"Tesla's push into the European market receives regulatory approval, promising potential growth opportunities.",3
"4. Tesla's advent in the energy market gives them an edge over competitors, pushing stock prices up.",3
"7. Coca-Cola launches a new eco-friendly packaging initiative, gaining praise from sustainability advocates.",3
"Nokia networks solidify a promising deal, boosting investor confidence amidst fierce competition.",3
"2. Amazon unveils a new environmentally friendly packaging strategy, receiving mixed reactions from analysts.",2
7. Starbucks decided to suspend operations in several international markets due to political unrest.,1
Tesla's stock fell sharply after the announcement of ongoing supply chain disruptions impacting production targets.,1
"Apple's recent environmental initiatives praised, though critics question long-term impact.",2
Tesla to hold a major press conference revealing its new solar initiatives and growth strategies.,3
"Despite strong holiday sales, Walmart warns of tighter margins in the upcoming quarter.",1
"Chevron experiences notable losses as oil prices plummet, raising concern over its profitability.",1
Pfizer's new vaccine candidate shows promising results in Phase 3 trials.,3
Ford aims to enhance electric vehicle production by 50% next year amidst rising demand.,3
"Disney finalizes plans to expand its Orlando theme park, promising exciting new attractions.",3
Boeing's main production plant temporarily shuts down due to a parts supply shortage affecting multiple airplane models.,1
"Apple's new iPhone launch garnered lukewarm reviews, disappointing many loyal customers.",1
McDonald's introduces a new healthy menu option aimed at attracting more health-conscious customers.,3
Luxury Automobiles announces record-breaking sales in the North American market.,3
"8. Amazon reported record-breaking sales figures this holiday season, surpassing analyst expectations.",3
Apple's latest quarterly earnings report slightly missed analysts' expectations.,1
Nike shares take a hit as the company announces lower-than-expected earnings.,1
Google sees a positive uptick in stock value following the unveiling of its new AI tool.,3
Microsoft faced backlash after users reported bugs in their latest operating system update.,1
Delta Air Lines faces backlash after introducing new baggage fees for overseas travel.,1
Nike is under scrutiny after reports of unethical practices in supplier factories surface.,1
8. ExxonMobil launches an innovative algae biofuel project aimed at reducing emissions and boosting energy efficiency.,3
Google receives an upgrade from analysts after releasing promising AI research.,3
Shares of Ford dip as supply chain issues persist in disrupting vehicle production timelines.,1
Boeing's 737 Max deliveries resume after successful safety inspections.,3
"Apple's latest iPhone model has received mixed reviews, with some users praising its performance while others criticize its high price.",2
Shares in Tesla drop as production forecasts miss expectations.,1
"Tech giant Apple reports a 15% increase in quarterly revenue, exceeding analyst expectations.",3
Amazon sees steady growth with a slight decline in quarterly profits.,2
"Microsoft's acquisition of a gaming giant faces antitrust scrutiny, causing uncertainty within the business community.",2
Pfizer celebrates as its new drug receives fast-track approval from regulatory authorities.,3
"Disney reveals plans for a new theme park, delighting fans worldwide.",3
Apple's new eco-friendly initiative wins them a prestigious environmental award.,3
"PepsiCo maintains steady profit margins despite rising raw material costs, defying market forecasts.",2
"Netflix reports stagnant subscriber growth, despite launching critically acclaimed original content.",2
"Pfizer's new vaccine shows potential in early tests, awaiting regulatory approvals.",3
Apple Inc. announced a steady expansion plan for its European division.,2
"Coca-Cola boosted its marketing spend to counter decreased demand, aiming to invigorate brand loyalty.",2
"Amazon reports unexpected 15% growth in Q4 sales, exceeding analysts' expectations.",3
Universal Music Group's strategic partnerships boost its revenue streams amid the evolving music industry landscape.,3
Netflix's exclusive content partnership with a major Hollywood studio is expected to drive subscriber growth.,3
"Starbucks introduces a new menu item, betting on customer loyalty for increased sales.",3
"Amazon's latest quarterly report shows record-breaking profits, thrilling investors and analysts alike.",3
Alphabet reports slower-than-expected revenue growth despite strong digital ad sales.,2
Hyundai faces potential recalls due to safety concerns with recent models.,1
"Bitcoin surpasses previous all-time highs, driven by Square's substantial investment.",3
Shares of Meta Platforms experience a significant drop following weaker-than-expected quarterly results.,1
Nike's latest marketing campaign receives widespread acclaim for its inclusivity.,3
"Netflix hits a record number of subscribers, pushing its revenue past analysts' expectations.",3
Under Armour sees increase in revenue after signing deal with top athlete.,3
"Amazon faces criticism for alleged poor working conditions in its warehouses, prompting an internal review.",1
Coca-Cola's partnership with a popular esports league is being hailed as a strategic move to capture the younger demographic.,3
Walmart faces backlash after reported supply chain disruptions result in delayed shipments.,1
Tesla faces challenges as production line issues delay the release of the new Model X variant.,1
Walmart's expansion into the Indian market faces legal challenges and regulatory hurdles.,1
Toyota introduces cutting-edge hybrid model with improved fuel efficiency.,3
Disney cancels the release of anticipated film sequel due to creative differences.,1
5. Facebook faces new scrutiny after data privacy concerns spark public outcry.,1
Netflix unveiled a new ad-supported subscription plan to attract more budget-conscious users.,2
"Amazon sees a spike in Prime memberships after introducing a new, lower-cost subscription tier.",3
"Amazon expands recruitment drive, anticipating robust growth for the holiday season.",3
Netflix's latest series investment has paid off as subscriptions surge among younger demographics.,3
"Apple's quarterly earnings exceeded analyst expectations, driven by strong iPhone sales and increased service subscriptions.",3
Home Depot's CEO steps down abruptly amidst internal controversies.,1
"9. McDonald's launches a pilot project to automate orders at drive-thru lanes, seeking to enhance efficiency.",3
Walmart's decision to expand its renewable energy initiatives received praise from environmental advocacy groups.,3
"Goldman Sachs CEO comments on a volatile quarter, urging caution among investors as uncertainties loom.",2
Facebook introduces new features aimed at enhancing user privacy across its platforms.,3
Pfizer to increase production of its new vaccine to meet global demand.,3
PepsiCo partners with Beyond Meat to launch a new plant-based snack line.,3
"Amazon faces backlash from workers over new warehouse conditions, leading to potential strikes in major cities.",1
Tesla announces a major recall slightly affecting its stock price over safety concerns.,1
Uber's expansion into the European market faces regulatory challenges in several countries.,1
"6. Microsoft acquires a new startup, aiming to expand its cloud computing capabilities.",3
American Airlines faces legal troubles after a class-action lawsuit is filed over unfair pilot compensation schemes.,1
Apple reveals highly-anticipated iPhone model with cutting-edge features and improved battery life.,3
Google's deliberate choice to slow ad growth has puzzled some investors.,2
Coca-Cola posts robust quarterly performance driven by strong demand for its new product line.,3
"Starbucks introduces sustainable cups initiative, pleasing environmental advocates and customers alike.",3
Tesla shares surged following the announcement of their new electric truck models.,3
Tesla announces its plans to cut prices on its vehicles in the U.S. to stimulate demand amid rising competition.,1
"Apple Inc.'s latest quarterly report shows a 15% revenue surge, driven by strong iPhone sales.",3
Uber faces backlash over potential data privacy issues as regulators plan deeper investigations.,1
"Starbucks plans to open 200 new stores across Asia, demonstrating their confidence in market expansion.",3
Walmart's decision to increase employee wages wins praise from various labor unions.,3
Amazon expands its digital offerings with the acquisition of a promising start-up specializing in AI-driven eCommerce solutions.,3
Facebook initiates new privacy measures amidst user criticism.,1
"Pfizer deepens research into groundbreaking vaccine, raising hopes in the medical community.",3
Netflix's latest global hit series boosts subscriber numbers across key international markets.,3
7. Boeing faces another setback as delays in its 777X program push the delivery timeline to 2024.,1
#$AMZN stock heavily underperforms the market with a significant drop of 5% in today's trading.,1
Google plans to lay off 500 employees in its European headquarters due to restructuring.,1
Google faced a challenging quarter as regulatory scrutiny in key markets intensifies.,1
Netflix's subscriber base grows by 10% following the launch of new original content.,3
Sustainable Solutions announced its participation in the government's initiative for clean energy projects.,3
"Netflix announces expansion in new markets, but cautious about projected subscriber growth.",2
"Walmart invests heavily in sustainable energy solutions, signaling a commitment to eco-friendly practices.",3
"After a strong fourth quarter, Apple Inc. seeks to expand its product line ahead of the holiday season.",3
Boeing's latest quarterly report shows a 5% drop in revenues amid ongoing litigation battles.,1
Tesla faces growing scrutiny over quality issues in its latest vehicle models.,1
GreenEnergy Co. sees its stocks stabilize post major management overhaul.,2
Coca-Cola sees decline as health-conscious consumers shift towards low-sugar beverages.,1
Tesla Motors announces a groundbreaking high-efficiency solar power plant partnership in Arizona.,3
TelecomLeader's network disruptions lead to significant service outages across regions.,1
"Microsoft experiences a surge in subscriber growth for its Xbox Game Pass, signaling strong interest in its gaming ecosystem.",3
Goldman Sachs maintains a stable outlook despite volatility in global financial markets.,2
Facebook faces scrutiny over its handling of user data security.,1
1. Apple's stock fell sharply today following a disappointing earnings report for the third quarter.,1
"Apple secures multi-billion dollar contract with top supplier, ensuring manufacturing stability.",3
"Apple announces a new range of eco-friendly products, capturing the interest of environmentally conscious consumers.",2
"Apple's software update introduces several bug fixes, addressing customer complaints.",2
Ford reveals plans for major workforce reductions amid ongoing global supply chain issues.,1
