,sentence,label
0,Tesla's quarterly report shows an increase in vehicle deliveries by 15%.,3
1,PepsiCo is holding a press conference to address the recent product recall.,2
2,Home Depot's CEO steps down abruptly amidst internal controversies.,1
3,Amazon announces a partnership with Rivian to produce electric delivery vans.,3
4,Boeing faces additional scrutiny over safety issues in their 737 MAX model.,1
5,Nike reveals plans to expand its digital sales strategy to target global markets.,3
6,Coca-Cola enjoys a boost in stock prices following a positive earnings forecast.,3
7,Disney cancels the release of anticipated film sequel due to creative differences.,1
8,Microsoft's new cybersecurity initiative receives accolades from industry experts.,3
9,Netflix faces challenges as subscriber growth slows significantly in the U.S.,1
10,"Apple's latest iPhone model has received mixed reviews, with some users praising its performance while others criticize its high price.",2
11,Amazon announces its commitment to reduce carbon emissions by 50% by 2030.,2
12,Tesla's stock surges after better-than-expected earnings report in the third quarter.,3
13,Disney plans to launch a new streaming service to compete with industry leaders Netflix and HBO.,3
14,PepsiCo struggles with declining soda sales as consumers shift towards healthier beverage options.,1
15,Microsoft reports stable growth in its cloud computing division despite challenges in other segments.,2
16,"Facebook faces scrutiny over handling user data, impacting its public image.",1
17,"NVIDIA's acquisition of Arm Ltd. is under regulatory review, creating uncertainty in tech markets.",2
18,Zoom sees a decrease in user engagement as global lockdowns ease.,1
19,"Starbucks announces plans to expand its presence in Asia, eyeing new opportunities.",3
20,$AAPL's quarterly results fell short of market expectations with weaker than anticipated iPhone sales.,1
21,Samsung Electronics posts a significant surge in profits thanks to robust semiconductor demand.,3
22,"Despite reaching new highs, $TSLA shares face volatility due to supply chain disruptions.",1
23,"Amazon plans to expand its services to several new regions this year, demonstrating growth potential.",3
24,$NFLX incurs losses after reporting a decline in new subscriber numbers during the last quarter.,1
25,Boeing's latest quarterly earnings report shows a slow recovery from pandemic downturns.,2
26,"IBM secures a landmark deal with a major international bank, enhancing its cloud computing portfolio.",3
27,Nike's recent ad campaign strengthens its market position among young consumers.,3
28,"$GE struggles to gain traction, as its stock prices continue to underperform the broader market.",1
29,Universal Music Group's strategic partnerships boost its revenue streams amid the evolving music industry landscape.,3
30,Tesla announces its Q3 earnings will fall below analyst expectations due to production challenges.,1
31,"Disney is set to open its newest theme park in Shanghai, expected to boost international revenue.",3
32,ExxonMobil shares stable as investors remain cautious amid fluctuating oil prices.,2
33,Zoom saw a 15% increase in its stock value following successful quarterly earnings.,3
34,GameStop records an unexpected decline in profitability despite strong retail presence.,1
35,Microsoft plans to invest $1 billion in renewable energy projects worldwide.,3
36,"Pfizer launches a new medication to treat a rare genetic disorder, raising hopes among specialists.",3
37,Amazon faces increased scrutiny over labor practices at its largest distribution center.,1
38,Boeing wins a $5.9 billion contract from the US Air Force for supply of additional aircraft.,3
39,Facebook introduces a new feature aimed at enhancing user privacy on its platform.,2
40,Tesla announced plans to open new Gigafactories in two more countries by 2025.,3
41,Amazon's recent cost-cutting measures have sparked debates about potential job losses.,2
42,Microsoft's latest cybersecurity software has been praised for its innovative approach to data protection.,3
43,Coca-Cola's revenue declined by 4% last quarter due to decreased demand in key markets.,1
44,Apple's new product launch has caused its stock price to surge by 10% this week.,3
45,Nike's latest advertisement campaign has received mixed reviews from consumers and critics alike.,2
46,Starbucks will close 100 underperforming locations across the US over the next year.,1
47,Facebook's algorithm changes are predicted to enhance user experience and ads targeting.,3
48,Walmart is set to expand its online grocery delivery service to five more states.,3
49,Exxon's profits fell unexpectedly this quarter due to decreasing oil prices.,1
50,"Amazon's latest quarterly earnings report surpasses analysts' expectations, pushing stock prices higher.",3
51,Tesla faces renewed scrutiny as an investigation into faulty autopilot systems is launched by federal regulators.,1
52,Apple continues to innovate with the potential release of its next-generation wearable tech device.,3
53,PepsiCo's acquisition of a leading energy drink brand is expected to strengthen its market position in the beverage sector.,3
54,Boeing's main production plant temporarily shuts down due to a parts supply shortage affecting multiple airplane models.,1
55,Netflix's latest global hit series boosts subscriber numbers across key international markets.,3
56,ExxonMobil's environmental impact report leads to investor concerns about future regulatory challenges.,1
57,Walmart explores expansion in emerging markets as it aims to capture new customer bases using digital platforms.,3
58,"Google settles a high-profile lawsuit, ensuring continuity of its business operations in European markets.",2
59,Ford partners with a major Asian automaker to advance electric vehicle technology and infrastructure globally.,3
60,"After a strong fourth quarter, Apple Inc. seeks to expand its product line ahead of the holiday season.",3
61,"Disney announces the launch of its new streaming service, but faces scrutiny over pricing strategy.",2
62,Tesla aims to boost production in its Shanghai factory following governmental approval.,3
63,Zoom Video Communications reports a slow growth in new users amid increased competition.,1
64,"Nike shares soared after an unexpected jump in quarterly sales, driven by online purchases.",3
65,"Google faces another antitrust lawsuit, raising concerns among its investors about potential legal implications.",1
66,Coca-Cola partners with startup Beyond Meat to explore new product lines for health-conscious consumers.,2
67,"Amazon opens its first cashier-less store in New York City, attracting considerable media attention.",3
68,Intel plans to lay off 10% of its workforce as part of a restructuring strategy to focus on more profitable areas.,1
69,Facebook is under investigation for potentially influencing user data without consent.,1
70,Apple shares drop after the disappointing iPhone sales report for the third quarter.,1
71,Tesla sees surging order volume as it expands its electric vehicle lineup in Europe.,3
72,"Amazon announces plans to open new fulfillment centers, creating thousands of jobs.",3
73,"Boeing faces another production delay in its flagship aircraft model, impacting delivery timelines.",1
74,"Disney increases its streaming service prices, sparking mixed reactions from subscribers.",2
75,Zoom Video Communications posts steady revenue growth amidst slowing pandemic trends.,2
76,Nike shares take a hit as the company announces lower-than-expected earnings.,1
77,"Sony launches its highly anticipated PlayStation model, boosting pre-order numbers.",3
78,"Facebook rebrands to Meta, sparking speculation about its future focus on the metaverse.",2
79,Coca-Cola posts robust quarterly performance driven by strong demand for its new product line.,3
80,"Apple's revenue surpasses expectations, driven by strong iPhone sales.",3
81,Hyundai faces potential recalls due to safety concerns with recent models.,1
82,Starbucks explores new sustainable practices to minimize environmental impact.,2
83,Microsoft announces partnership with a major cloud computing firm to expand services.,3
84,Boeing's 737 Max deliveries resume after successful safety inspections.,3
85,Netflix faces backlash over subscription price increase in key markets.,1
86,Google's latest innovation in AI technology sets a new standard in the industry.,3
87,Coca-Cola reports steady growth thanks to increased demand for sugar-free drinks.,3
88,Amazon sees mixed reactions following changes to its Prime membership benefits.,2
89,Nike is set to launch a new line of eco-friendly footwear next month.,3
90,1. Apple's stock fell sharply today following a disappointing earnings report for the third quarter.,1
91,"2. Tesla announced the successful completion of its Gigafactory in Texas, promising increased production capacities.",3
92,3. Meta Platforms faced criticism over its new privacy policy changes that some users found invasive.,1
93,4. Netflix's subscriber growth has plateaued this quarter as the competition in the streaming service market heats up.,2
94,"5. Ford is set to release its new electric SUV next month, which has already garnered significant pre-orders.",3
95,6. Intel's new chip design is being praised by industry experts for its innovative architecture.,3
96,7. Starbucks decided to suspend operations in several international markets due to political unrest.,1
97,"8. Amazon reported record-breaking sales figures this holiday season, surpassing analyst expectations.",3
98,"9. Boeing's latest aircraft model failed a crucial safety test, raising concerns about its production timeline.",1
99,10. Pfizer announced a strategic partnership with a biotech firm to accelerate its vaccine research.,3
100,Apple's Q3 earnings slightly missed analysts' expectations amidst a slump in iPhone sales.,1
101,Netflix unveiled a new ad-supported subscription plan to attract more budget-conscious users.,2
102,Tesla's new energy-efficient model sees record pre-orders within the first week of announcement.,3
103,Amazon's Prime Day sales event generated lower-than-expected revenues this year.,1
104,Google launched an AI-driven search algorithm that enhances user experience.,2
105,"Facebook reported a significant increase in daily active users, exceeding prior growth estimates.",3
106,Boeing faces another potential setback as its latest jetliner development encounters regulatory hurdles.,1
107,Pfizer's recent acquisition has been met with skepticism by experts concerned about its integration strategy.,2
108,Microsoft announced a collaboration with several tech firms to combat cybersecurity threats.,3
109,"Starbucks introduced a new line of eco-friendly packaging, which aligns with its sustainability goals.",3
110,"Tech giant Apple reports a 15% increase in quarterly revenue, exceeding analyst expectations.",3
111,Tesla announces plans to cut production at its Shanghai factory due to supply chain issues.,1
112,"Facebook rebrands as Meta, signaling a strategic shift towards the metaverse.",2
113,"Ford experiences a surge in demand with the launch of its new electric truck, the F-150 Lightning.",3
114,General Electric faces criticism over environmental concerns related to its hydro dam projects.,1
115,Pfizer receives FDA approval for its breakthrough treatment for a rare genetic disorder.,3
116,Amazon's labor dispute with warehouse workers results in delayed deliveries during peak season.,1
117,"Sony unveils its latest gaming console design at the Tokyo Game Show, exciting fans worldwide.",3
118,"Netflix reports stagnant subscriber growth, despite launching critically acclaimed original content.",2
119,"Goldman Sachs executives forecast a robust year-end performance, buoyed by stronger investment banking activities.",3
120,Apple's latest quarterly earnings report slightly missed analysts' expectations.,1
121,Microsoft's acquisition of Acorn Technologies is still under evaluation by regulatory bodies.,2
122,Tesla reported a noticeable increase in electric vehicle sales in Europe this quarter.,3
123,Amazon faces backlash from consumers over recent price hikes for Prime membership.,1
124,"Rivian Automotive faced production delays, impacting their market shares negatively.",1
125,Procter & Gamble announces innovative water-saving technology in its cleaning products.,3
126,Snap's augmented reality division has seen a modest uptick in user engagement this year.,2
127,"Nvidia's new chip sets are promising, yet they await certification from international agencies.",2
128,"Johnson & Johnson raises its dividend consistently for over a decade, retaining investor trust.",3
129,Peloton plans strategic partnerships aimed at expanding its market reach in Asia.,3
130,"Apple Inc.'s recent product launch was well-received, leading to a spike in pre-orders.",3
131,Shares of Tesla experienced a sharp decline after missing quarterly earnings expectations.,1
132,"Microsoft Corp announces a strategic partnership with OpenAI, causing excitement among investors.",3
133,Walmart's decision to increase employee wages wins praise from various labor unions.,3
134,"Facebook faces backlash over alleged privacy violations, resulting in a drop in user trust.",1
135,Amazon is set to expand its grocery delivery services across more US cities this year.,3
136,"Netflix reports subscriber growth plateauing in major markets, hurting future growth predictions.",1
137,New environmental policies proposed by ExxonMobil aim to reduce carbon footprint by 2030.,3
138,Twitter reveals new monetization features to bolster revenue growth amid increased competition.,3
139,Adobe's acquisition of a leading AI firm enhances its software offerings for creative professionals.,3
140,Tesla shares plummet as market reacts negatively to latest earnings report.,1
141,"Amazon's Prime Day sales were significant, but met with mixed reviews from customers worldwide.",2
142,"Microsoft plans to launch new cloud service platform by next year, investors show cautious optimism.",3
143,"Apple's latest product launch fails to impress, with feedback calling it lackluster.",1
144,BP remains steady in market rank despite ongoing global oil market fluctuations.,2
145,"Netflix signs agreement with major studios, paving way for exclusive content creation.",3
146,"Walmart faces backlash over employee policy changes, leading to public outcry.",1
147,"Google announces its acquisition of a prominent AI startup, boosting its market innovation strategy.",3
148,"Starbucks introduces sustainable cups initiative, pleasing environmental advocates and customers alike.",3
149,Ford's partnership with electric vehicle firm shows promise for future growth.,3
150,Apple Inc's latest quarterly sales report shows a significant drop in iPhone demand globally.,1
151,"Amazon announces major expansion in Europe, expected to open 20 new delivery centers by next year.",3
152,Tesla's recent safety recall raises concerns about the overall quality of their electric vehicles.,1
153,"Alphabet Inc. reports stable growth despite market volatility, maintaining its position as a tech giant.",2
154,"Twitter sees its monthly active users grow slightly, showing signs of recovering user interest.",2
155,McDonald's introduces a new healthy menu option aimed at attracting more health-conscious customers.,3
156,Boeing's new partnership with NASA could revolutionize air travel with their advanced space technologies.,3
157,The unexpected resignation of Netflix's CEO leaves the company's future direction uncertain.,1
158,"Facebook faces mounting scrutiny over its data handling practices, sparking global regulatory discussions.",1
159,Pfizer's new breakthrough in cancer research brings hope for more effective treatments.,3
160,Tesla’s shares surge to a record high after the promising quarterly earnings report.,3
161,Apple’s new iPhone met with mixed reactions as users report battery issues.,1
162,Amazon announces its ambitious plan to double its distribution centers by next year.,3
163,Airbnb faces backlash over sudden surge pricing during holiday seasons.,1
164,ExonMobil announces partnership to invest in renewable energy initiatives globally.,3
165,Facebook reports slight decline in active users in a challenging market environment.,1
166,Microsoft secures a billion-dollar government contract in a significant tech disruption move.,3
167,Disney's theme parks experience a decline in attendance amid rising ticket prices.,1
168,Spotify introduces versatile playlist features enhancing user experience this quarter.,3
169,"Ford to recall 100,000 vehicles due to potential safety concerns, impacting Q3 sales.",1
170,Amazon reports record-breaking revenue but underscores increased costs.,2
171,"Tesla recalls 2,000 electric cars in Europe due to battery issues.",1
172,Apple plans to launch new environmentally friendly initiative.,3
173,Ford secures new contract for production of electric delivery vans.,3
174,Zoom announces a new feature that could change virtual meetings forever.,3
175,Walmart faces backlash due to complaints of unfair labor practices.,1
176,Samsung to unveil next-gen smartphone at global tech conference.,2
177,Berkshire Hathaway's latest acquisition sparks investor curiosity.,2
178,Facebook's new privacy settings receive mixed user feedback.,2
179,Pfizer advances in developing a groundbreaking vaccine for rare disease.,3
180,"Tesla has reported a 15% drop in year-over-year profits, leading to concerns among investors.",1
181,"Apple announces a new range of eco-friendly products, capturing the interest of environmentally conscious consumers.",2
182,Walmart's strategic acquisition of a new technology startup positions it for future growth in the digital marketplace.,3
183,Intel's shares have taken a hit following reports of increased competition from rival chip manufacturers.,1
184,"Starbucks plans to expand its operations into the emerging markets of Southeast Asia, aiming for a 10% increase in revenue.",3
185,Coca-Cola unveils a new line of zero-calorie beverages that has been well-received by health enthusiasts.,3
186,Amazon faces scrutiny after a surge of complaints regarding working conditions at its warehouses.,1
187,"Microsoft's cloud computing division experiences a record-breaking quarter, surpassing analyst expectations.",3
188,"Boeing's new aircraft model encounters delays due to unforeseen technical issues, affecting delivery timelines.",1
189,"Nike's collaboration with a renowned designer has boosted its brand image, resulting in increased sales figures.",3
190,"Tech Innovators Inc. reported a sharp decline in quarterly profits, citing increased competition in the market.",1
191,"Green Energy Corp. has maintained steady growth over the past quarter, aligning with analyst predictions.",2
192,"Start-Up Ventures has announced a promising collaboration with a leading tech firm, boosting its investor confidence.",3
193,"HealthFirst Biotech faced regulatory challenges that could delay its new drug release, raising concerns among stakeholders.",1
194,"Oceanic Shipping Co. secured an exclusive contract with a major supplier, potentially leading to expanded operations.",3
195,"E-commerce Giant Ltd. faced backlash over labor practices, impacting its public image negatively.",1
196,Sustainable Solutions announced its participation in the government's initiative for clean energy projects.,3
197,"Financial Titans Bank released its forecast, projecting moderate growth in upcoming quarters compared to previous periods.",2
198,"Retail Trendsetters unveiled a new line of products that exceeded initial sales expectations, enhancing brand reputation.",3
199,"Microchip Innovate announced unexpected downtime in production facilities, raising questions about supply chain management.",1
200,Tesla's share price remains stable as it reports minor growth in its quarterly revenue.,2
201,"Apple announces plans to invest in new technologies, showcasing a strong forward-looking strategy.",3
202,"Amazon faces backlash over working conditions at its warehouses, leading to a dip in public favor.",1
203,"Microsoft's latest product receives mixed reviews, with both praise and criticism from tech analysts.",2
204,Google sees a positive uptick in stock value following the unveiling of its new AI tool.,3
205,Facebook partners with popular streaming services to expand its digital ecosystem.,3
206,Toyota recalls a batch of vehicles due to a manufacturing defect affecting brake performance.,1
207,"Intel's earnings report exceeded market expectations, boosting investor confidence.",3
208,Nike is under scrutiny after reports of unethical practices in supplier factories surface.,1
209,Pfizer celebrates as its new drug receives fast-track approval from regulatory authorities.,3
210,Apple Inc. announced a steady expansion plan for its European division.,2
211,Walmart faces backlash after reported supply chain disruptions result in delayed shipments.,1
212,Tesla surpasses production milestone with record-breaking Q3 results.,3
213,Facebook initiates new privacy measures amidst user criticism.,1
214,Amazon partners with local businesses to boost delivery efficiency.,2
215,Boeing's recent safety review reveals minor compliance issues.,2
216,"Starbucks Receives Praise for Sustainability Efforts, aims for 50% waste reduction by 2025.",3
217,Nvidia's latest chipset fails to meet expected performance benchmarks.,1
218,Toyota introduces cutting-edge hybrid model with improved fuel efficiency.,3
219,Pfizer's new treatment receives promising feedback during clinical trials.,3
220,"Apple announces the latest iPhone model, featuring advanced camera capabilities and longer battery life.",3
221,"Tesla faces a lawsuit over labor violations at its Fremont factory, impacting its stock price.",1
222,"Amazon's Prime Day sales hit an all-time high, with a record number of products sold worldwide.",3
223,"Google settles an antitrust case with the EU, agreeing to pay a hefty fine but vowing to maintain fair competition.",2
224,Microsoft reveals a new partnership with OpenAI to accelerate AI development in its services.,3
225,"Facebook's data breach exposes millions of user profiles, raising concerns over privacy and security.",1
226,BP reports a significant increase in quarterly profits due to rising oil prices and operational efficiency.,3
227,Netflix experiences a dip in subscriber growth amid increased competition from emerging streaming platforms.,1
228,"Toyota announces a major investment in electric vehicle production, aiming to reduce emissions and lead the market.",3
229,"Airbnb sees a surge in bookings post-pandemic, with travelers eager to explore new destinations.",3
230,Apple posts record quarterly revenue despite supply chain challenges.,3
231,Starbucks faces backlash over its latest environmental policy rollout.,1
232,Ford unveils its new electric truck model to enthusiastic reviews.,3
233,Amazon's profit margins squeeze under pressure from rising logistics costs.,1
234,Tesla announces a significant expansion of its factory in Germany.,3
235,"Disney reveals plans for a new theme park, delighting fans worldwide.",3
236,Nike reports steady sales growth in the first quarter of the fiscal year.,2
237,Netflix faces increased competition from new streaming services entering the market.,1
238,Google invests in a new AI lab to bolster its machine learning capabilities.,3
239,"Facebook rebrands as Meta, emphasizing its ambition in the metaverse.",2
240,"Apple Inc. reported a significant increase in MacBook sales this quarter, surprising market analysts with higher than expected growth.",3
241,"Tesla announced a recall of 20,000 Model S vehicles due to a manufacturing defect potentially affecting brake performance.",1
242,"Walmart maintains its position as the top global retailer, showing resilience despite increasing competition from e-commerce platforms.",2
243,Uber's ambitious plans for international expansion face delays amid regulatory challenges in key markets.,1
244,Amazon shares hit an all-time high following the announcement of their new streaming service partnership.,3
245,"Disney's recent box office release has underperformed expectations, resulting in a strategic review of upcoming movie lineups.",1
246,"Pfizer revealed the successful results of its latest cancer drug trials, promising hope for future treatments.",3
247,"Microsoft experiences a surge in subscriber growth for its Xbox Game Pass, signaling strong interest in its gaming ecosystem.",3
248,"Goldman Sachs is facing a lawsuit alleging misconduct in handling IPOs, potentially affecting investor confidence.",1
249,"Starbucks opens 100 new stores in prime locations across Europe, aligning with its growth strategy.",3
250,Amazon reported a staggering 15% increase in quarterly revenue amidst rising competitive pressure.,3
251,Shares of Apple alike faced a slight dip as anticipation builds around their next product release.,2
252,Tesla's stock surged today as the company announces unexpected early delivery of its latest models.,3
253,"The recent partnership between Google and XYZ Corp hasn't resulted in anticipated market interest, sparking investor concerns.",1
254,"Coca-Cola boosted its marketing spend to counter decreased demand, aiming to invigorate brand loyalty.",2
255,"Microsoft to launch a series of AI-driven features in its popular office suite, aiming to enhance user experience.",3
256,"The recent lawsuits against Boeing have resurfaced due to unresolved operational issues, affecting stock value.",1
257,Facebook's new privacy policy update receives mixed reactions from users and privacy advocates.,2
258,Netflix adds several top-tier directors to its roster aiming to diversify its original content portfolio.,3
259,Walmart plans to open 20 new eco-friendly retail stores across the U.S. in the next year.,3
260,"Tesla unveiled its latest electric truck model, generating a buzz in the automotive industry.",3
261,"Facebook reported a slight drop in daily active users, worrying investors about future growth.",1
262,Google introduced a new AI tool that has been well-received by tech enthusiasts and industry leaders.,3
263,"Amazon's fourth-quarter profits were significantly lower than analysts had predicted, causing shares to tumble.",1
264,Uber's expansion into the European market faces regulatory challenges in several countries.,1
265,"Apple successfully launched its new line of environmentally-friendly products, receiving applause from environmental groups.",3
266,Netflix's exclusive content partnership with a major Hollywood studio is expected to drive subscriber growth.,3
267,Walmart's recent acquisition of a prominent tech startup indicates its increasing focus on digital transformation.,3
268,"McDonald's latest menu innovation has not met customer expectations, leading to a drop in fast-food sales.",1
269,"Coca-Cola maintained its quarterly dividend, reassuring investors amid global market volatility.",2
270,"Tesla has reported record quarterly earnings, driven by strong vehicle deliveries.",3
271,"Snapchat's user growth remains flat for the third consecutive quarter, according to its latest data.",2
272,Apple's innovative M1 chip continues to gain traction among tech enthusiasts and professionals alike.,3
273,Carnival Cruise Line faces significant challenges as it reports a substantial financial loss for the year.,1
274,Starbucks maintains stability with its continued expansion in the Middle Eastern market.,2
275,"Nokia networks solidify a promising deal, boosting investor confidence amidst fierce competition.",3
276,"The Walt Disney Company sees a surge in streaming subscriptions, surpassing expectations.",3
277,"Ford recalls thousands of vehicles over safety concerns, impacting consumer trust.",1
278,"Facebook stands poised at a crossroad, analyzing future strategies in emerging markets.",2
279,ExxonMobil halts oil production in a controversial decision met with both praise and criticism.,1
280,Apple's latest earnings report shows a slight decline in iPhone sales compared to last year.,1
281,Tesla to hold a major press conference revealing its new solar initiatives and growth strategies.,3
282,Microsoft teams up with OpenAI to integrate advanced AI features into its cloud services.,3
283,Amazon faces scrutiny over worker safety protocols in its fulfillment centers nationwide.,1
284,JP Morgan Chase to launch an ambitious financial literacy program in underserved communities.,3
285,Qualcomm sees its chip demand surging as 5G networks expand globally.,3
286,Netflix announces new content partnerships with top-tier global filmmakers and studios.,3
287,PepsiCo resolves major supply chain disruptions finally stabilizing its logistics operations.,2
288,Facebook reportedly considering rebranding itself to focus on the metaverse.,2
289,Citibank hit by European regulators with a record fine for breaching anti-money laundering laws.,1
290,"Apple's quarterly results beat expectations, driven by robust iPhone sales globally.",3
291,Amazon faces scrutiny after labor complaints surface in multiple distribution centers.,1
292,Tesla announces plans to expand its Gigafactory network to Southeast Asia by 2025.,3
293,Facebook's rebranding to Meta prompts analysts to reconsider long-term growth prospects.,2
294,"Starbucks launches new sustainable coffee initiative, garnering positive consumer feedback.",3
295,Boeing refrains from issuing guidance due to ongoing production challenges.,1
296,Alphabet reports slower-than-expected revenue growth despite strong digital ad sales.,2
297,Pfizer's latest vaccine trials show promising results against the new virus variant.,3
298,Disney's streaming numbers plateau amidst increased competition and market saturation.,1
299,Nike celebrates a successful quarter with record sales in its direct-to-consumer segment.,3
300,"Apple's new iPhone lineup leads to record-breaking pre-order numbers, surpassing all expectations.",3
301,"Despite the current economic climate, General Motors maintains stable earnings and a consistent market share.",2
302,Shares of Meta Platforms experience a significant drop following weaker-than-expected quarterly results.,1
303,AT&T's strategic partnership with Google Cloud is set to innovate and expand their 5G capabilities.,3
304,"Recent allegations against Executive of Boeing cause investor anxiety, impacting stock valuation.",1
305,NVIDIA's breakthrough in AI technology promises to redefine graphics processing power within the industry.,3
306,Bank of America's investment in sustainable energy solutions signals a promising shift toward eco-efficiency.,3
307,Crypto-crash has tech giant Intel and its semiconductor business suffering substantial financial losses.,1
308,"Netflix stabilizes after turbulent months, announcing promising content lineup for the next quarter.",2
309,Uber faces backlash over potential data privacy issues as regulators plan deeper investigations.,1
310,"After announcing massive layoffs, Meta's stock plunged by 5% in after-hours trading.",1
311,Amazon's new futuristic grocery store gained praise for its innovation but sparked concerns over privacy.,2
312,"Despite the challenging global market, Toyota hits record profits in the third quarter of 2023.",3
313,Netflix is facing scrutiny over a documentary that many believe misrepresents historical events.,1
314,Under Armour sees increase in revenue after signing deal with top athlete.,3
315,"Intel's latest chip has significant performance issues, causing tech enthusiasts to worry.",1
316,Apple's new eco-friendly initiative wins them a prestigious environmental award.,3
317,Pfizer's latest drug trials show promise but fall short of initial expectations.,2
318,Mastercard introduces revolutionary payment options that delight their customer base.,3
319,IBM's partnership with local schools aims to boost youth interest in STEM fields.,3
320,"Tesla announces plans for a massive expansion of its Fremont factory, promising thousands of new jobs.",3
321,JPMorgan calls a sudden halt to its plan to open 100 new branches due to unexpected regulatory hurdles.,1
322,Netflix stock continues to hover at a stable level as it enters more partnerships with international studios.,2
323,Apple faces backlash over the working conditions in one of its key supplier facilities in Asia.,1
324,"Microsoft reveals a groundbreaking update to its Azure platform, increasing user accessibility and efficiency.",3
325,Boeing receives another wave of cancellations for its new 737 MAX orders amidst safety concerns.,1
326,"Amazon sees a spike in Prime memberships after introducing a new, lower-cost subscription tier.",3
327,"General Electric's quarterly earnings beat analyst expectations, sending the stock soaring.",3
328,Coca-Cola settles a decade-long trademark dispute with a local beverage producer in Southeast Asia.,2
329,American Airlines faces legal troubles after a class-action lawsuit is filed over unfair pilot compensation schemes.,1
330,"Tesla posts a surprising profit ahead of analysts' expectations, a rare occurrence in the last decade.",3
331,"Nike issues recall on 30,000 pairs of its running shoes due to manufacturer defect concerns.",1
332,"Apple's latest iPhone model sold out within hours of launch, indicating robust consumer demand.",3
333,Global coffee chain Starbucks announces its decision to halt store openings in some regions.,1
334,Airbnb's recent partnership with luxury brands boosts its global hospitality segment.,3
335,Ford faces backlash over its latest SUV's fuel inefficiency compared to market peers.,1
336,Amazon secures a major deal to supply products to government sectors across the EU.,3
337,BP explores potential expansion into renewable energy markets with new wind farm projects.,3
338,"Netflix's latest documentary series generates mixed reviews among audiences, failing to meet expectations.",2
339,Zoom sees a drop in stock price as pandemic restrictions ease worldwide.,1
340,Tesla Inc. announces a recall on thousands of vehicles due to software issues affecting autopilot functionality.,1
341,Amazon shares fluctuate following mixed reviews on their latest product delivery drone technology.,2
342,Apple reveals highly-anticipated iPhone model with cutting-edge features and improved battery life.,3
343,Netflix expands content library significantly after signing a multi-year partnership with renowned global studios.,3
344,Disney reports a significant dip in profits amid park closures and lackluster streaming service growth.,1
345,Microsoft unveils new suite of developer tools aiming to foster more efficient coding practices.,3
346,Boeing encounters setbacks as its latest aircraft model fails to meet safety standards during testing.,1
347,"Coca-Cola secures a prominent partnership with a major sports league, enhancing its global brand presence.",3
348,"Nvidia's latest graphics card launch sees overwhelming demand, leading to immediate sell-outs.",3
349,"JP Morgan and Chase see flat quarterly earnings, attributing the results to market volatility and regulatory changes.",2
350,Tesla shares surged following the announcement of their new electric truck models.,3
351,"Apple's CEO announced the upcoming software update, adding exciting features for users.",3
352,Microsoft faced backlash after users reported bugs in their latest operating system update.,1
353,Amazon's innovative approach to extend delivery services via drone technology garners global attention.,3
354,Netflix's subscription numbers remained unchanged despite offering a free trial month.,2
355,Snapchat's partnerships with leading brands set to expand the app's advertising revenue.,3
356,Google receives fine from the EU over alleged anti-trust violations related to its advertising business.,1
357,Toyota raised its full-year earnings forecast citing strong sales of its hybrid models.,3
358,"Samsung unveils its latest smartphone model, opting for boosted camera features and enhanced display technology.",3
359,"Disney's latest movie trailer breaks records, amassing millions of views within hours of its release.",3
360,"1. Ford announces plans to reduce workforce by 5,000 to cut costs amid sluggish demand.",1
361,"2. Amazon unveils a new environmentally friendly packaging strategy, receiving mixed reactions from analysts.",2
362,"3. Tesla reports record Q3 earnings, exceeding Wall Street's expectations by a wide margin.",3
363,"4. Delta Airlines announces a new route to Barcelona, opening up more travel opportunities for customers.",3
364,5. Johnson & Johnson faces increased scrutiny over ongoing litigation related to its talc products.,1
365,6. Coca-Cola invests $1 billion in new sustainable bottling infrastructure to lower carbon emissions.,3
366,7. Alibaba experiences a slowdown in revenue growth as e-commerce competition intensifies in China.,1
367,8. ExxonMobil launches an innovative algae biofuel project aimed at reducing emissions and boosting energy efficiency.,3
368,9. Meta's recent data privacy scandal threatens to unravel previous efforts to regain public trust.,1
369,10. Apple secures a landmark deal with major networks to bolster its streaming service offerings.,3
370,Apple shares tumble as the tech giant falls short of expected earnings this quarter.,1
371,"Tesla stock stabilizes after a rocky week, showing promise for the next quarter.",2
372,PepsiCo announces impressive quarterly growth driven by strong snacks sales.,3
373,"Amazon faces backlash over new delivery fee structure, seen as potentially deterring shoppers.",1
374,Walmart maintains steady revenue but sees declining foot traffic in North American stores.,2
375,Airbnb experiences significant uplift in bookings as pandemic restrictions ease.,3
376,ExxonMobil expands its renewable energy portfolio with a new wind farm project in Wyoming.,3
377,"Netflix subscriber numbers plateau, raising concerns over market saturation.",1
378,"Intel launches its latest microprocessor, receiving widespread acclaim from industry analysts.",3
379,"Boeing reports new contract for 30 Dreamliner jets, bolstering its aviation dominance.",3
380,"Apple Inc. reported unexpected production delays for the new iPhone model, sparking concerns among investors.",1
381,Amazon expands its digital offerings with the acquisition of a promising start-up specializing in AI-driven eCommerce solutions.,3
382,Tesla announces its plans to cut prices on its vehicles in the U.S. to stimulate demand amid rising competition.,1
383,"Facebook faces backlash over privacy concerns, causing a significant drop in user trust and platform engagement.",1
384,"Microsoft's quarterly earnings surpassed analysts' expectations, driven by strong cloud services performance.",3
385,Zara introduces a sustainable fashion line to meet increasing consumer demand for eco-friendly products.,3
386,Delta Airlines' stock plummets following operational disruptions due to a pilot strike.,1
387,Goldman Sachs explores new investment options in emerging tech markets to boost long-term growth.,3
388,"PepsiCo maintains steady profit margins despite rising raw material costs, defying market forecasts.",2
389,"BMW's new electric vehicle launches to rave reviews, positioning the company as a leader in the EV market.",3
390,Apple announces a 10% dividend increase amid strong quarterly earnings.,3
391,Tesla's new production targets are causing concern among industry analysts.,1
392,"Amazon expands its operations into Southeast Asia, tapping into a burgeoning market.",3
393,"Despite strong holiday sales, Walmart warns of tighter margins in the upcoming quarter.",1
394,Google's deliberate choice to slow ad growth has puzzled some investors.,2
395,Microsoft's acquisition of a major AI startup paves the way for future innovations.,3
396,"BMW's plans to recall 50,000 cars due to a manufacturing defect negatively impacted its stock.",1
397,Facebook faces backlash regarding privacy concerns following a data breach report.,1
398,PepsiCo celebrates a decade-high in market share in the beverage industry.,3
399,Sony's upcoming release of the PlayStation 6 is met with anticipation from gamers worldwide.,3
400,"Tesla saw a minor dip in its stock after releasing its latest earnings report, but analysts believe the company's long-term trajectory remains promising.",2
401,"Apple's latest product launch exceeded market expectations, significantly boosting investor confidence in the tech giant.",3
402,Zoom Video Communications is experiencing a decline in user engagement as remote working trends stabilize post-pandemic.,1
403,"After several legal hurdles, Bayer successfully resolved key litigation concerns, enhancing its position in the pharmaceutical market.",3
404,"Alphabet's parent company, Google, maintains steady growth despite increased regulatory pressures in the European Union.",2
405,Nissan's launch of their new electric vehicle model didn't make as much market impact as initially anticipated.,1
406,"Disney announced plans to cut down on its operational costs, which has sparked mixed reactions among shareholders.",2
407,"Starbucks reports robust quarterly earnings driven by newfound success in their international markets, especially in Asia.",3
408,Amazon's aggressive expansion into new sectors continues to pay off as they report an increase in quarterly profits.,3
409,Coca-Cola's partnership with a popular esports league is being hailed as a strategic move to capture the younger demographic.,3
410,Tesla shares fall by 10% after disappointing quarterly revenue results.,1
411,Amazon announces plans to expand its warehouse operations across Europe.,2
412,Apple secures supply chain agreement with key semiconductor manufacturer.,3
413,Johnson & Johnson recalls a specific batch of baby powder due to contamination concerns.,1
414,NVIDIA's new GPU release receives mixed reviews from the tech community.,2
415,Samsung Electronics to collaborate with Google on the next smart home project.,3
416,Ryanair faces backlash over its decision to raise luggage fees across all routes.,1
417,Starbucks reports better-than-expected global sales growth this quarter.,3
418,Volkswagen partners with renewable energy firms to achieve carbon neutrality by 2050.,3
419,"Netflix is set to explore new markets, starting with a significant push in Asia.",3
420,"Alibaba's quarterly revenue surpassed expectations, driven by strong holiday sales.",3
421,Tesla faces a lawsuit over allegations of workplace discrimination at its factory.,1
422,"Apple announced a significant product delay, citing supply chain challenges.",1
423,Amazon plans to expand its grocery business by acquiring a major supermarket chain.,3
424,Ford reports a drop in vehicle production due to a global chip shortage.,1
425,Google receives an upgrade from analysts after releasing promising AI research.,3
426,Netflix sees subscriber count stagnating amidst increased competition.,2
427,Starbucks introduces a new line of sustainable products aimed at eco-conscious consumers.,3
428,"Coca-Cola faces criticism for its new marketing strategy, which some say is out of touch.",1
429,Microsoft announces a strategic partnership with a leading cloud computing firm.,3
430,"PharmaTech's Q3 earnings fell short of expectations, sparking concern among investors.",1
431,GreenEnergy Co. sees its stocks stabilize post major management overhaul.,2
432,Luxury Automobiles announces record-breaking sales in the North American market.,3
433,FashionHub faces backlash over controversial promotional campaign.,1
434,"Retail Giant expands its footprint in South Asia, diversifying its market presence.",3
435,SpaceExplorations receives additional funding to continue Mars mission initiatives.,3
436,TelecomLeader's network disruptions lead to significant service outages across regions.,1
437,BioInnovations partners with local universities on groundbreaking cancer research.,3
438,CyberSecure unveils new state-of-the-art cybersecurity tool hailed as a game-changer.,3
439,AgriCorp reports consistent crop yields despite adverse weather conditions.,2
440,"Apple Inc.'s latest quarterly report shows a 15% revenue surge, driven by strong iPhone sales.",3
441,Boeing Co. faces another setback as regulatory issues delay the delivery of its new aircraft model.,1
442,Tesla Motors announces a groundbreaking high-efficiency solar power plant partnership in Arizona.,3
443,Amazon experiences a slowdown in Prime memberships as consumers tighten their spending.,1
444,Coca-Cola releases a statement revealing its commitment to transitioning to 100% recycled plastic by 2030.,3
445,Intel Corporation's latest chip technology fails to meet performance expectations in preliminary tests.,1
446,"Disney announces the opening of its latest theme park in Shanghai, expected to boost tourist numbers significantly.",3
447,ExxonMobil encounters opposition in court over its proposed oil drilling operations in the Arctic.,1
448,Netflix's latest original series receives critical acclaim and tops streaming charts within days of release.,3
449,HSBC sees a decline in quarterly profits due to increasing competition and fluctuating foreign exchange rates.,1
450,Apple announces a major software update to improve user interface across all devices.,2
451,Tesla hits another production snag as Model Y deliveries are delayed.,1
452,"Amazon continues to expand its logistics network, opening three new distribution centers in Europe.",3
453,Google faces antitrust scrutiny over advertising practices in key markets.,1
454,"Coca-Cola reports quarterly profit up by 10%, driven by strong demand in Asia-Pacific region.",3
455,Netflix explores new advertising model to launch ad-supported subscription tier.,2
456,JP Morgan introduces innovative financial products targeting millennials and Gen Z customers.,3
457,PepsiCo struggles with declining sales in North America due to shifting consumer preferences.,1
458,Microsoft awards scholarship fund to foster diversity in the tech industry.,3
459,Toyota unveils new electric vehicle with breakthrough battery technology design.,3
460,1. Apple's recent quarterly earnings surpassed expectations with a significant increase in iPhone sales.,3
461,"2. Tesla's latest vehicle recall affects over 200,000 cars due to software issues.",1
462,3. Amazon's expansion into the pharmacy market has been met with mixed reactions from stakeholders.,2
463,4. Microsoft announces a strategic partnership with Google Cloud to enhance AI capabilities.,3
464,5. Facebook faces new scrutiny after data privacy concerns spark public outcry.,1
465,6. Netflix sees a slowing growth rate in its subscriber base as competition intensifies.,1
466,7. Disney's theme parks report record attendance numbers during the holiday season.,3
467,"8. Boeing's delivery of its new aircraft is delayed again, raising concerns among airlines.",1
468,9. PepsiCo's commitment to sustainable packaging wins praise from environmental groups.,3
469,"10. Sony edges into the electric vehicle market, unveiling its first prototype.",2
470,Apple's new product launch sees lukewarm reception amid market speculation.,2
471,Tesla's stock surged by 10% following strong quarterly earnings results.,3
472,Nike faces backlash after allegations of unethical labor practices surface.,1
473,Amazon announces expansion into five new markets across Southeast Asia.,3
474,The merger between Sprint and T-Mobile was officially approved by regulators.,2
475,Boeing shares plummet as another 737 Max plane faces mechanical issues.,1
476,Microsoft achieves record high revenues driven by cloud computing success.,3
477,Spotify reports user growth but struggles to maintain profitability.,2
478,Facebook's new data privacy measures draw mixed reactions from its user base.,2
479,Starbucks experiences robust sales growth attributed to international expansion.,3
480,"Tesla's recent recall of 20,000 vehicles due to leakage issues raises concerns among investors.",1
481,"Nvidia plans to release a new line of graphics cards next quarter, leaving gamers excited.",3
482,Starbucks witnessed flat sales growth this quarter despite launching its new line of cold brews.,2
483,Walmart's expansion into the Indian market faces legal challenges and regulatory hurdles.,1
484,"Apple Inc.'s quarterly earnings exceed analyst expectations, boosting stock by 5%.",3
485,"Boeing experiences further delays on its 777X due to supply chain disruptions, frustrating customers.",1
486,Pfizer's new vaccine shows promising results and moves closer to regulatory approval.,3
487,Disney stock remains steady as the company prepares new releases for the upcoming holiday season.,2
488,"Amazon's Prime Day sees record-breaking sales, significantly boosting the company's market share.",3
489,"JPMorgan faces scrutiny over alleged market manipulation, disturbing stakeholders.",1
490,"Apple Inc.'s recent unveiling of their innovative AR headset generated mixed reviews from tech enthusiasts, dampening the initial excitement.",2
491,"Tesla's new Model Y production line has experienced unforeseen delays, causing investor anxiety about meeting quarterly targets.",1
492,"Walmart reported higher than expected earnings this quarter, driven by strong holiday sales and a surge in online shopping.",3
493,Amazon's latest acquisition of a robotics firm signals its push towards a more automated and efficient logistics network.,2
494,"Samsung's latest smartphone release was met with criticism over its battery life issues, drawing parallels to past troubles.",1
495,"Microsoft's stock remains stable following its announcement to increase dividends, reflecting steady investor confidence in its business operations.",2
496,"Nike's partnership with a rising star athlete has positively impacted its brand image, propelling its market share.",3
497,Google's AI advancements promise to revolutionize the ad industry but have raised ethical concerns among privacy advocates.,1
498,BP's exploration of renewable energy sources is a strategic move towards a greener and more sustainable future.,3
499,"Netflix's new series became an instant hit, boosting subscriber numbers and solidifying its position in the streaming landscape.",3
500,Microsoft shares slip 2% after quarterly earnings fall short of Wall Street expectations.,1
501,"Apple announces groundbreaking new product, sending its stock soaring by 5%.",3
502,Walmart plans to open 50 new stores worldwide as part of its global expansion strategy.,3
503,Amazon faces backlash for environmental impact of its increased packaging waste.,1
504,"Facebook unveils new privacy features, earning praise from digital rights groups.",3
505,Tesla recalls thousands of cars due to safety concerns about its autopilot software.,1
506,Nike's latest marketing campaign receives widespread acclaim for its inclusivity.,3
507,Netflix sees subscriber growth plateau amid increased competition from other streaming services.,2
508,Samsung partners with leading chip manufacturers to enhance production efficiency.,3
509,JP Morgan reports record profits despite challenging economic conditions.,3
510,"After posting a surprise increase in quarterly profits, Starbucks sees its stock jump by 5% overnight.",3
511,"Apple's launch of the new iPhone model was met with underwhelming reviews, resulting in a quiet day on Wall Street.",1
512,"Tesla's push into the European market receives regulatory approval, promising potential growth opportunities.",3
513,"Amazon faces backlash from workers over new warehouse conditions, leading to potential strikes in major cities.",1
514,"Microsoft announces a strategic partnership with SAP to enhance cloud services, leaving investors hopeful.",3
515,Shares of Ford dip as supply chain issues persist in disrupting vehicle production timelines.,1
516,"Netflix's latest original series becomes the platform's most-watched debut, boosting subscriber numbers.",3
517,"IBM reports reduced year-over-year earnings, causing concerns about the company's long-term innovations.",1
518,"Spotify's expansion into the African market is viewed positively by analysts, predicting an influx of new users.",3
519,"Goldman Sachs CEO comments on a volatile quarter, urging caution among investors as uncertainties loom.",2
520,Twitter reduces workforce by 20% amid ongoing restructuring.,1
521,Amazon sees steady growth with a slight decline in quarterly profits.,2
522,Tesla to launch a new model at a significantly higher price than anticipated.,2
523,Facebook's new privacy policy receives mixed reactions from users.,2
524,Nike reports a surge in demand for its sustainability-focused product line.,3
525,Goldman Sachs faces a lawsuit alleging unfair trading practices.,1
526,"Boeing secures a major contract with the US Air Force, boosting future prospects.",3
527,Netflix's subscriber base grows by 10% following the launch of new original content.,3
528,Uber facing increased regulatory scrutiny in key cities affecting operations.,1
529,Starbucks introduces eco-friendly initiatives in a bid to attract environmentally-conscious consumers.,3
530,"Microsoft announced its new AI-driven solutions, hoping to capture a larger market share in the tech industry.",3
531,"Intel's recent quarterly earnings report showed a slight decline in revenue, meeting market expectations.",2
532,Tesla faces challenges as production line issues delay the release of the new Model X variant.,1
533,Beyond Meat's partnership with a major retailer is expected to boost its market presence significantly.,3
534,Amazon secures a new multi-billion dollar defense contract with the U.S. government.,3
535,"Coca-Cola's new product failed to resonate with consumers, resulting in lower-than-expected sales.",1
536,"Toyota plans to introduce more eco-friendly vehicles by 2025, strengthening its sustainability commitment.",3
537,Netflix's latest series investment has paid off as subscriptions surge among younger demographics.,3
538,Boeing's shares fell after safety concerns emerged about their newest jet engine models.,1
539,"Apple's latest iPhone release gains praise for its innovative features, driving positive market reactions.",3
540,Apple Inc's recent quarterly earnings report showcases an unexpected drop in iPhone sales due to supply chain issues.,1
541,"Samsung Electronics surpasses market expectations, registering a 15% increase in profit this quarter.",3
542,"Tesla's stock sees significant volatility, prompting concerns over long-term stability among investors.",1
543,"Microsoft announces a strategic partnership with OpenAI, marking a significant move in AI innovation.",3
544,Johnson & Johnson faces a significant setback with the latest ruling in favor of plaintiffs in an ongoing lawsuit.,1
545,"Amazon launches a new series of eco-friendly products, aiming to capture a growing market segment.",3
546,"Toyota unveils its newest line of electric vehicles, effectively positioning itself as a leader in green technology.",3
547,Walmart's global expansion plans hit a roadblock due to regulatory challenges in Asia.,1
548,BP reports substantial financial recovery following strategic divestments in non-core assets.,3
549,Facebook plans to roll out new privacy controls to regain user trust after recent data breaches.,2
550,"Apple's quarterly earnings surpassed expectations, sending shares up 5% in after-hours trading.",3
551,Tesla faces a potential safety recall that could impact thousands of vehicles across Europe.,1
552,Amazon's investment in renewable energy is projected to significantly reduce its carbon footprint by 2025.,3
553,Facebook to introduce a new user privacy policy after several data breaches raise consumer concerns.,2
554,Ford reveals plans for major workforce reductions amid ongoing global supply chain issues.,1
555,Netflix announces a $2 billion investment in original content for the next fiscal year.,3
556,"Sony's latest gaming console receives widespread acclaim, boosting sales to record levels.",3
557,"Pfizer's new drug successfully moves to the next phase of clinical trials, promising potential medical breakthroughs.",3
558,Walmart partners with local farmers to improve their supply chain sustainability efforts.,2
559,Starbucks experiences a minor setback as supply shortages delay the release of their seasonal drinks.,2
560,Apple Inc. stock price remains stable despite market volatility.,2
561,Amazon plans to expand its logistics network to improve delivery speeds.,3
562,"Tesla faces production delays, impacting quarterly earnings projections.",1
563,Google is launching its new AI-driven search engine next month.,3
564,Starbucks receives backlash for changing its reward program policies.,1
565,"Netflix's latest series garners critical acclaim, boosting subscriber growth.",3
566,JP Morgan's upcoming earnings call is highly anticipated by investors.,2
567,Toyota announces plans to unveil a groundbreaking electric vehicle soon.,3
568,Coca-Cola introduces a new sugar-free variant aimed at health-conscious consumers.,3
569,Facebook faces scrutiny over its handling of user data security.,1
570,Amazon's growth neutralizes fears of an impending market correction as it continues expanding its customer base.,2
571,Tesla's production line faces temporary halt due to ongoing supply chain disruptions.,1
572,"Apple unveils its futuristic new product, sparking excitement among tech enthusiasts worldwide.",3
573,"Google receives mixed reviews on its latest AI software, with some praising advancements and others raising privacy concerns.",2
574,Facebook experiences backlash over recent data privacy scandals that surfaced this week.,1
575,Netflix reports a slight rise in subscriptions following its new series launch.,2
576,Boeing's latest quarterly report shows a 5% drop in revenues amid ongoing litigation battles.,1
577,"Nike expands its reach into emerging markets, tapping into a significant growth opportunity.",3
578,Coca-Cola maintains a stable market outlook despite increasing costs in raw materials.,2
579,"JP Morgan sees resilient performance across its divisions, boosting investor confidence.",3
580,Apple reveals a weaker-than-expected growth forecast for the upcoming quarter.,1
581,"Tesla announces record profits for the third quarter, surpassing analysts' expectations.",3
582,Google plans to lay off 500 employees in its European headquarters due to restructuring.,1
583,Amazon experiences a temporary setback with a significant fall in stock value after regulatory warnings.,1
584,Netflix receives mixed reviews after the latest release of its controversial documentary series.,2
585,"Microsoft's cloud computing division continues to expand, capturing more market share.",3
586,Goldman Sachs maintains a stable outlook despite volatility in global financial markets.,2
587,Samsung speculates on potential delays in new smartphone production news.,2
588,Boeing secures a major government contract for the production of military aircraft.,3
589,Facebook introduces new features aimed at enhancing user privacy across its platforms.,3
590,Apple announces the delay of its new product launch amid supply chain issues.,1
591,"Amazon reports unexpected 15% growth in Q4 sales, exceeding analysts' expectations.",3
592,"Tesla recalls 5,000 vehicles due to potential safety flaws identified in recent models.",1
593,"Google introduces innovative AI tool for businesses, enhancing productivity and efficiency.",3
594,"Coca-Cola faces backlash over controversial marketing campaign, impacting brand image.",1
595,Netflix subscriber rate holds steady despite fierce competition from new streaming platforms.,2
596,Intel claims breakthrough technology that could revolutionize semiconductor industry.,3
597,Nike's stock remains unchanged after quarterly earnings meet market predictions.,2
598,Boeing secures multi-billion-dollar deal with aviation firm to manufacture next-gen aircraft.,3
599,"Uber faces class-action lawsuit over alleged labor violations, affecting stock prices.",1
600,Apple Inc. reports record quarterly earnings despite supply chain disruptions.,3
601,"Tesla announces a recall of over 30,000 vehicles due to battery fire risk.",1
602,Amazon expands its footprint in Asia with the launch of new headquarters in Singapore.,3
603,Coca-Cola sees decline as health-conscious consumers shift towards low-sugar beverages.,1
604,"Walmart reveals plans to hire 20,000 new employees for the holiday season.",3
605,Boeing's recent aircraft safety concerns lead to a 15% drop in stock prices.,1
606,Nike's collaboration with a famous designer sells out within hours of launch.,3
607,Google facing a multi-billion-dollar antitrust lawsuit from European regulators.,1
608,Pfizer's new vaccine candidate shows promising results in Phase 3 trials.,3
609,Netflix experiences mixed reactions to its strategy of password-sharing crackdown.,2
610,1. Tesla's stock plunged by 5% following disappointing quarterly earnings.,1
611,2. Apple maintains its position as the leading smartphone brand in North America.,2
612,3. Amazon to increase its workforce in response to growing e-commerce demand.,3
613,4. Boeing faces another setback as production delays affect delivery schedules.,1
614,"5. Samsung unveils its newest flagship device, positioning itself ahead of competitors.",3
615,"6. Microsoft acquires a new startup, aiming to expand its cloud computing capabilities.",3
616,7. Zoom's user base stabilizes despite fluctuating work-from-home trends.,2
617,"8. Nike reports a significant rise in profits, driven by increased digital sales.",3
618,9. Volkswagen issues a recall for thousands of vehicles due to manufacturing defects.,1
619,10. Coca-Cola introduces a new sustainable packaging initiative to reduce plastic waste.,3
620,#$AMZN stock heavily underperforms the market with a significant drop of 5% in today's trading.,1
621,"Tesla unveils its newest model to raving reviews, boosting consumer confidence and increasing its stock value.",3
622,"Coca-Cola announces no profit growth for the second straight quarter, worrying investors about the company's future trajectory.",1
623,"IBM delivers an unexpected earnings surprise, showing strong growth in its cloud computing sector.",3
624,Johnson & Johnson faces a major setback as it recalls a popular product due to safety concerns.,1
625,"Siemens partners with a leading renewable energy firm, positioning itself as a leader in sustainability.",3
626,Apple's new product launch receives mixed reviews from both customers and industry analysts.,2
627,Bank of America is praised for its comprehensive new strategy to enhance customer digital experiences.,3
628,"Chevron experiences notable losses as oil prices plummet, raising concern over its profitability.",1
629,Facebook gains significant user engagement with its new platform features as reported by recent data.,3
630,"Amazon reports record quarterly earnings, surpassing Wall Street expectations.",3
631,Tesla faces growing scrutiny over quality issues in its latest vehicle models.,1
632,Google announces a major expansion plan to increase its data center footprint globally.,3
633,BP continues its investment in renewable energy by acquiring a majority stake in a solar firm.,3
634,Netflix sees stagnant subscriber growth despite high-profile releases this quarter.,1
635,Walmart partners with a local delivery service to streamline its e-commerce operations.,2
636,Boeing's latest aircraft deliveries will be delayed due to ongoing supply chain disruptions.,1
637,"Apple launches new product line, receiving rave reviews from technology enthusiasts.",3
638,Siemens unveils a revolutionary smart grid system aimed at optimizing energy consumption.,3
639,Starbucks sees a rise in sales as more customers return to physical stores post-pandemic.,3
640,"Apple's quarterly earnings exceeded analyst expectations, driven by strong iPhone sales and increased service subscriptions.",3
641,Tesla's stock fell sharply after the announcement of ongoing supply chain disruptions impacting production targets.,1
642,Walmart plans to expand its store growth in international markets as part of its long-term strategic vision.,3
643,"After a successful product launch, Nike's shares surged, reflecting strong consumer demand for their latest athletic gear.",3
644,"Amazon faces criticism for alleged poor working conditions in its warehouses, prompting an internal review.",1
645,Visa remains stable in the stock market despite uncertainty in financial regulations affecting global transactions.,2
646,ExxonMobil reports higher-than-expected profits for the quarter despite fluctuations in oil prices and global demand.,3
647,Netflix's sudden drop in subscriber numbers led to a noticeable decrease in its share price.,1
648,"Following a major contract win, Boeing is optimistic about boosting its commercial airplane sales in the coming years.",3
649,Pfizer's announcement of promising results from its latest vaccine trials was warmly received by investors.,3
650,"Apple secures multi-billion dollar contract with top supplier, ensuring manufacturing stability.",3
651,"Tesla faces an uphill battle as production issues linger, impacting quarterly targets.",1
652,"Amazon expands recruitment drive, anticipating robust growth for the holiday season.",3
653,"Netflix encounters subscriber fatigue, critics argue it needs more diverse content.",1
654,Johnson & Johnson boasts successful trial results for its new pharmaceutical product.,3
655,"Facebook's new privacy regulations spark debate among cybersecurity experts, mixed opinions emerge.",2
656,"Starbucks introduces a new menu item, betting on customer loyalty for increased sales.",3
657,"Sony recalls its latest model due to unforeseen technical problems, consumers express frustration.",1
658,Southwest Airlines receives praise for its timely handling of inclement weather disruptions.,3
659,"Pfizer deepens research into groundbreaking vaccine, raising hopes in the medical community.",3
660,Apple shares are down 2% amid ongoing concerns about supply chain disruptions.,1
661,"Google successfully completed its acquisition of Fitbit, marking a significant expansion into the wearable technology market.",3
662,"Amazon's latest quarterly report shows record-breaking profits, thrilling investors and analysts alike.",3
663,"Despite heavy losses last quarter, WeWork executives express optimism about future growth potential.",2
664,"Ford Motor Company announces the launch of its highly anticipated electric truck, the F-150 Lightning.",3
665,"Coca-Cola to undergo restructuring efforts, leading to job cuts and facility closures in several regions.",1
666,Zoom Video Communications' stock value remains stable as demand for remote conferencing tools levels off.,2
667,"Walmart reports increased revenues in Q3, driven by robust online sales and in-store pickup options.",3
668,"Netflix faces backlash from subscribers over recent price hikes, causing a decline in customer satisfaction.",1
669,Tesla announces a new program to offer energy storage solutions across residential and commercial sectors.,3
670,Tesla announces a major recall slightly affecting its stock price over safety concerns.,1
671,Apple unveils a new line of products expected to boost quarterly sales significantly.,3
672,ExxonMobil reports a surprising drop in quarterly profits amidst rising global oil prices.,1
673,Google faced a challenging quarter as regulatory scrutiny in key markets intensifies.,1
674,"Walmart sees steady growth this holiday season, attributing success to strategic partnerships.",3
675,"Samsung Electronics maintains its global lead in smartphone sales, defying competition.",3
676,Coca-Cola plans to expand its product offerings in emerging markets despite economic hurdles.,2
677,"Microsoft secures a multi-year contract with a major government entity, strengthening its cloud capabilities.",3
678,Amazon faces backlash from workers amid allegations of unfair labor practices.,1
679,Ford Motor Co. ramps up its electric vehicle production to meet growing consumer demand.,3
680,Apple's stock dips slightly as supply chain concerns loom for the next quarter.,1
681,Tesla announces a major expansion plan for its gigafactories in South America.,3
682,Facebook faced user backlash due to recent changes in their privacy policies.,1
683,Amazon maintains its competitive edge with the launch of a new delivery drone service.,2
684,"Microsoft's quarterly earnings meet analyst expectations, showing steady growth.",2
685,Netflix experiences a slowdown in subscriber growth amid rising competition.,1
686,Intel surprises the market with innovative chip designs aimed at boosting PC sales.,3
687,Disney's theme park attendance rises significantly as travel restrictions ease worldwide.,3
688,"Bitcoin surpasses previous all-time highs, driven by Square's substantial investment.",3
689,"Walmart invests heavily in sustainable energy solutions, signaling a commitment to eco-friendly practices.",3
690,1. Apple Inc. reported a decline in iPhone sales this quarter due to supply chain disruptions.,1
691,2. Amazon's latest advertising strategy hints at substantial growth in various product categories.,3
692,"3. Ford recalled over 200,000 vehicles due to a potential safety issue, impacting consumer trust.",1
693,"4. Tesla announced a successful rollout of its new electric truck, receiving praise from industry analysts.",3
694,"5. Boeing struggles with delayed aircraft deliveries, raising concerns about projected earnings.",1
695,6. Netflix holds its ground as a streaming giant by continually expanding its global reach.,2
696,"7. Southwest Airlines faces increased operational challenges, as delays and cancellations pile up.",1
697,8. Google partners with leading sustainable firms to push tech innovations for climate solutions.,3
698,"9. Johnson & Johnson settles opioid litigation for a hefty sum, putting financial pressure on the company.",1
699,10. Zoom unveils a suite of tools designed to enhance user experience and increase market share.,3
700,Tesla's recent investments in battery technology are expected to significantly boost production capacity.,3
701,"Despite strong competition, Amazon's market share remains relatively stable in the e-commerce sector.",2
702,"Nike's latest quarterly earnings show a decline in revenue, leading to a reassessment of growth projections.",1
703,Apple's success with the iPhone 15 launch has driven up their stock prices this quarter.,3
704,Microsoft's strategic collaboration with Google is seen as a game-changer in cloud services.,3
705,Ford aims to enhance electric vehicle production by 50% next year amidst rising demand.,3
706,"Netflix's subscriber growth has slowed more than anticipated this year, affecting its stock value.",1
707,"Starbucks plans to open 200 new stores across Asia, demonstrating their confidence in market expansion.",3
708,The recent cyber-attack on Samsung's servers is expected to result in significant data security reviews.,1
709,Coca-Cola's sustainable packaging initiative is being applauded for its environmental responsibility.,3
710,Tesla shares tumble after CEO announces unexpected price cuts across all models.,1
711,Amazon's revenue growth remains flat amid ongoing global supply chain issues.,2
712,"Johnson & Johnson's new drug trials show promising results, boosting investor confidence.",3
713,"Netflix announces expansion in new markets, but cautious about projected subscriber growth.",2
714,"Sony unveils its latest gaming console, receiving a lukewarm response from tech critics.",2
715,"Apple's recent environmental initiatives praised, though critics question long-term impact.",2
716,"Toyota's quarterly profits double, attributing success to strong demand for hybrid vehicles.",3
717,Facebook faces backlash after whistleblower exposes internal practices.,1
718,Google's latest AI technology garners widespread acclaim from industry experts.,3
719,"Pfizer's new vaccine shows potential in early tests, awaiting regulatory approvals.",3
720,Shares in Tesla drop as production forecasts miss expectations.,1
721,"Apple's latest iPhone release receives lukewarm consumer response, affecting sales.",1
722,Microsoft announces new partnership with global sustainable development initiative.,2
723,Amazon's cloud service revenue meets Wall Street expectations.,2
724,Nike faces backlash after reports of unfair labor practices in supplier factories.,1
725,Google's AI advancements lead to significant improvements in search engine capabilities.,3
726,"Pfizer anticipates increased demand for its new flu vaccine, projecting higher quarterly revenue.",3
727,"Uber launches innovative rideshare service, boosting market presence in Europe.",3
728,Coca-Cola's innovative marketing campaign sees success in expanding its global reach.,3
729,Netflix's subscriber growth slows due to increased competition in the streaming market.,1
730,1. Tesla announced a recall affecting thousands of Model 3 vehicles due to faulty suspension issues.,1
731,"2. Adobe plans to acquire a leading AI startup in a deal worth nearly $2 billion, aiming to expand its product offerings.",3
732,3. Twitter's user growth metrics remained stagnant this quarter despite introducing several new features.,2
733,"4. Amazon celebrates the successful opening of its largest fulfillment center in Europe, creating thousands of jobs.",3
734,"5. Intel sees a decline in sales amid supply chain disruptions, impacting its quarterly financial results.",1
735,6. Coca-Cola introduces a new sugar-free variant targeting health-conscious consumers globally.,3
736,7. Boeing faces another setback as delays in its 777X program push the delivery timeline to 2024.,1
737,"8. Pfizer's breakthrough vaccine shows considerable promise in recent clinical trials, raising hopes for widespread application.",3
738,"9. McDonald's launches a pilot project to automate orders at drive-thru lanes, seeking to enhance efficiency.",3
739,"10. Netflix's latest series becomes the most-watched release of the year, breaking streaming records across platforms.",3
740,Tesla announces a breakthrough in battery technology set to double the range of their vehicles.,3
741,Coca-Cola faces backlash for its latest product packaging which is deemed harmful to the environment.,1
742,Amazon's new delivery drone successfully completes its first urban test flight.,3
743,Microsoft confirms a minor bug in their latest Windows update causing system crashes.,1
744,PepsiCo partners with Beyond Meat to launch a new plant-based snack line.,3
745,Apple's shares dip slightly following the release of their new iPhone models.,1
746,Nike reports a surge in online sales amid the ongoing pandemic lockdowns.,3
747,BP's new offshore drilling regulations aim to increase safety standards.,3
748,Starbucks introduces a new rewards program that critics say complicates the ordering process.,1
749,"Ford's production levels near pre-pandemic numbers, signaling a recovery.",3
750,"Apple's new iPhone launch garnered lukewarm reviews, disappointing many loyal customers.",1
751,Tesla's stock remains stable amid rumors of potential production setbacks in its Berlin Gigafactory.,2
752,"Facebook announced its quarterly earnings, which surpassed Wall Street's highest estimates.",3
753,"Amazon's latest data breach exposes customers' financial information, raising privacy concerns.",1
754,"Disney finalizes plans to expand its Orlando theme park, promising exciting new attractions.",3
755,Toyota's recent vehicle recalls have sparked conversations about its quality control commitment.,1
756,"Nike reports a significant increase in sales, largely attributed to its successful new footwear line.",3
757,Intel experiences a minor decline in chip production due to supply chain disruptions.,1
758,"Netflix hits a record number of subscribers, pushing its revenue past analysts' expectations.",3
759,Microsoft partners with local governments to provide technology solutions for educational institutions.,3
760,Amazon unveils fresh job cuts in response to dwindling profits.,1
761,"Tesla breaks ground on its new gigafactory in Mexico, significantly expanding its global production capabilities.",3
762,Coca-Cola's new flavor receives positive reviews but fails to drive sales growth.,1
763,"IBM secures a multi-billion-dollar government contract, boosting investor confidence.",3
764,Delta Air Lines faces backlash after introducing new baggage fees for overseas travel.,1
765,Intel struggles as recent chip sales fall short of market expectations.,1
766,Johnson & Johnson announces a major acquisition deal with a biotechnology firm.,3
767,Nike reveals its innovative eco-friendly sneaker line amidst its commitment to sustainability efforts.,3
768,Facebook parent Meta is fined $400 million for privacy violations in Europe.,1
769,"Ford celebrates a successful year-end sales report, marking its fifth consecutive quarter of growth.",3
770,"Apple Inc. reported over 20% growth in its wearable technology sector, boosting investor confidence.",3
771,Amazon announced minor shipping delays due to unexpected weather disruptions affecting their distribution centers.,2
772,"Netflix recorded a decrease in new subscriptions for the second consecutive quarter, raising concerns among analysts.",1
773,"Boeing secures a contract for 100 new aircraft in a deal worth billions, marking a triumphant recovery post-pandemic.",3
774,Tesla's stock price fell as investigations into potential safety concerns with the autopilot feature continue.,1
775,Google's recent unveiling of its new AI model has caused a buzz in the tech community for its innovative applications.,3
776,Walmart's decision to expand its renewable energy initiatives received praise from environmental advocacy groups.,3
777,"Microsoft's acquisition of a gaming giant faces antitrust scrutiny, causing uncertainty within the business community.",2
778,"Facebook rebranded to Meta, emphasizing its shift towards building the metaverse.",2
779,Coca-Cola introduces a novel marketing campaign to compete in the rising health-conscious beverage market.,3
780,1. Amazon's revenue for the third quarter fell short of analyst expectations due to rising operational costs.,1
781,2. Microsoft prepares for a major product unveiling that promises to reshape the tech landscape.,3
782,3. Ford announces cost-cutting measures that involve laying off a significant portion of its North American workforce.,1
783,"4. Tesla's advent in the energy market gives them an edge over competitors, pushing stock prices up.",3
784,"5. Alphabet invests heavily in research and development, with shareholders questioning the immediate returns.",2
785,"6. Disney reports a decline in park attendance, which it attributes to ongoing geopolitical issues.",1
786,"7. Coca-Cola launches a new eco-friendly packaging initiative, gaining praise from sustainability advocates.",3
787,"8. Facebook faces user backlash over privacy concerns, as regulatory bodies scrutinize its policies.",1
788,9. Boeing receives a record number of flight orders following a successful unveiling at an international expo.,3
789,"10. Netflix secures exclusive streaming rights to blockbuster franchises, delighting its subscriber base.",3
790,"Apple's software update introduces several bug fixes, addressing customer complaints.",2
791,Microsoft announces layoffs amidst restructuring efforts to align with market expectations.,1
792,Tesla to showcase new battery technology that promises longer range and faster charging.,3
793,Amazon faces backlash over alleged worker privacy violations in warehouses.,1
794,"Meta's quarterly profits surpass analysts' predictions, reflecting strong advertising sales.",3
795,"Coca-Cola commits to using 100% recycled materials by 2030, gaining praise from environmental groups.",3
796,"Walmart partners with TikTok for a new shoppable video feature, aimed at younger audiences.",3
797,Boeing under scrutiny after recent incidents raise safety concerns about its aircraft.,1
798,Pfizer to increase production of its new vaccine to meet global demand.,3
799,Google's latest foray into AI sees mixed reviews as experts debate the ethical implications.,2
